backend,cell,stage,n,median,q1,q3,min,max,cv,boot_median_lo95,boot_median_hi95
groth16,d10,witness_ms,20,13.534,13.00225,13.921999999999999,12.55,16.615,0.07051064334822606,13.062,13.884
groth16,d10,prove_ms,20,155.076,153.159,156.81875,151.804,158.851,0.013563353495560416,153.1865,156.5855
groth16,d10,verify_ms,20,6.1505,5.977,6.54125,5.782,9.871,0.14093125351012503,6.003500000000001,6.4715
groth16,d10,wall_ms,20,175.21,173.7565,176.79875,171.364,179.391,0.01278241435561363,173.93349999999998,176.5675
groth16,p1150,witness_ms,20,14.269,13.65375,14.4745,12.979,17.651,0.06628492507082383,13.71,14.46
groth16,p1150,prove_ms,20,198.269,197.3675,199.392,196.097,200.862,0.006982494465462197,197.44299999999998,199.17399999999998
groth16,p1150,verify_ms,20,6.1705000000000005,5.9895,7.226,5.859,9.191,0.14967164020306567,5.9990000000000006,6.7545
groth16,p1150,wall_ms,20,218.6185,217.49775,219.927,216.606,225.2,0.011348119198231777,217.6105,219.494
groth16,p1180,witness_ms,20,14.2325,13.91625,14.538,13.38,16.551,0.06341509438389195,13.9725,14.492
groth16,p1180,prove_ms,20,200.61849999999998,199.171,201.44625000000002,194.795,229.83,0.034652637185498776,199.5775,201.24
groth16,p1180,verify_ms,20,6.349,5.96125,6.89975,5.843,10.006,0.1494561383844724,6.0115,6.728
groth16,p1180,wall_ms,20,221.428,219.8,223.3265,215.107,252.908,0.034295534707030055,220.131,223.2
groth16,d11,witness_ms,20,13.836,13.32975,15.52525,12.75,17.655,0.11078238535423839,13.4475,15.238
groth16,d11,prove_ms,20,163.1255,160.8265,166.0335,159.503,180.464,0.03097500018977661,161.369,165.56599999999997
groth16,d11,verify_ms,20,6.2,6.0184999999999995,6.390499999999999,5.838,6.809,0.04028809903288459,6.023,6.348
groth16,d11,wall_ms,20,183.38549999999998,181.3045,187.95325,178.766,202.065,0.03201374893201879,181.5625,186.561
plonk,d10,witness_ms,20,13.255500000000001,12.835,13.60125,12.372,15.739,0.06874793794911022,12.936,13.52
plonk,d10,prove_ms,20,9560.3925,9510.05,9880.7725,9418.132,10830.843,0.047194731785023966,9513.7555,9692.7645
plonk,d10,verify_ms,20,8.3325,8.247,8.703,8.046,9.283,0.042878861757695716,8.256,8.613499999999998
plonk,d10,wall_ms,20,9582.781500000001,9532.13375,9902.2055,9438.679,10852.187,0.04705142257163105,9535.284,9713.9465
plonk,p1150,witness_ms,20,13.8335,13.554,14.566500000000001,13.05,16.253,0.06933162082027151,13.565999999999999,14.238
plonk,p1150,prove_ms,20,9549.1895,9505.20375,9690.6815,9471.465,10730.23,0.038023233944743696,9511.983,9657.0545
plonk,p1150,verify_ms,20,8.55,8.321,9.05925,7.701,10.376,0.0773088970660073,8.3565,8.913
plonk,p1150,wall_ms,20,9572.8655,9527.696,9712.53675,9493.501,10755.732,0.03796889938090661,9534.657,9679.581
plonk,p1180,witness_ms,20,14.155,13.6645,14.56925,13.069,16.179,0.05593632843676335,13.8245,14.479
plonk,p1180,prove_ms,20,18705.66,18633.266,19153.2185,18311.862,21030.907,0.03888586878890136,18647.2825,19046.6355
plonk,p1180,verify_ms,20,8.855,8.298,9.135000000000002,7.978,11.777,0.10308181565204307,8.329,9.064
plonk,p1180,wall_ms,20,18728.681,18656.213,19177.31725,18334.239,21052.54,0.03882126819718818,18670.4145,19070.381
plonk,d11,witness_ms,20,13.195,12.854,13.571,12.318,17.488,0.10349781435017531,12.870000000000001,13.478
plonk,d11,prove_ms,20,18767.713499999998,18582.65625,18949.39075,18532.386,21096.544,0.04003269793600377,18598.2825,18881.8475
plonk,d11,verify_ms,20,8.918,8.3645,9.3455,7.894,9.948,0.06841228008034125,8.5445,9.306000000000001
plonk,d11,wall_ms,20,18792.3785,18603.774250000002,18971.56425,18553.421,21117.809,0.03997385059698628,18619.5095,18904.214
