env,backend,k,metric,P_pred,P_lo,P_hi,P_tau_rel,observed_mean,proof_min,proof_max,n,P_abs_err,P_rel_err,P_verdict,R_metric,R_pred,R_measured,R_abs_err,R_rel_err,R_tau,R_verdict,rank_pred,rank_measured,rank_verdict
evm-osaka,groth16,6,Y_dir,250466,249977,250955,0.002008,250331.0,250313,250349,8,-135.0,-0.000539,PASS,Ync_dir,243312,243177,-135.0,-0.000555,0.002008,PASS,PLONK_COSTLIER,PLONK_COSTLIER,MATCH
evm-osaka,groth16,6,Y_app,259880,259273,260487,0.0024,259677.0,259659,259695,8,-203.0,-0.000781,PASS,Ync_app,252726,252523,-203.0,-0.000805,0.0024,PASS,,,
evm-osaka,groth16,8,Y_dir,264807,264291,265323,0.002008,264618.0,264597,264645,8,-189.0,-0.000714,PASS,Ync_dir,256662,256473,-189.0,-0.000736,0.002008,PASS,PLONK_COSTLIER,PLONK_COSTLIER,MATCH
evm-osaka,groth16,8,Y_app,274243,273604,274882,0.0024,273915.0,273894,273942,8,-328.0,-0.001196,PASS,Ync_app,266098,265770,-328.0,-0.001231,0.0024,PASS,,,
evm-osaka,groth16,12,Y_dir,293498,292929,294067,0.002008,293201.0,293165,293213,8,-297.0,-0.001012,PASS,Ync_dir,283362,283065,-297.0,-0.001048,0.002008,PASS,PLONK_COSTLIER,PLONK_COSTLIER,MATCH
evm-osaka,groth16,12,Y_app,302976,302273,303680,0.0024,302518.0,302482,302530,8,-458.0,-0.001512,PASS,Ync_app,292840,292382,-458.0,-0.001565,0.0024,PASS,,,
evm-osaka,groth16,24,Y_dir,379576,378845,380306,0.002008,378954.5,378917,378977,8,-621.5,-0.001637,PASS,Ync_dir,363462,362841,-621.0,-0.001709,0.002008,PASS,PLONK_CHEAPER,PLONK_CHEAPER,MATCH
evm-osaka,groth16,24,Y_app,389182,388286,390078,0.0024,388455.5,388418,388478,8,-726.5,-0.001867,PASS,Ync_app,373068,372342,-726.0,-0.001947,0.0024,PASS,,,
evm-osaka,plonk,6,Y_dir,297765,293538,301992,0.014963,297236.5,295208,299062,8,-528.5,-0.001775,PASS,Ync_dir,282417,281923.5,-493.5,-0.001746,0.014963,PASS,PLONK_COSTLIER,PLONK_COSTLIER,MATCH
evm-osaka,plonk,6,Y_app,306746,302232,311260,0.015487,306302.5,304274,308128,8,-443.5,-0.001446,PASS,Ync_app,291397,290989.5,-407.5,-0.001399,0.015487,PASS,,,
evm-osaka,plonk,8,Y_dir,300272,296022,304521,0.014963,300589.0,298472,302460,8,317.0,0.001056,PASS,Ync_dir,283933,284285,352.0,0.00124,0.014963,PASS,PLONK_COSTLIER,PLONK_COSTLIER,MATCH
evm-osaka,plonk,8,Y_app,309245,304708,313782,0.015487,309622.0,307505,311493,8,377.0,0.001219,PASS,Ync_app,292906,293318,412.0,0.001406,0.015487,PASS,,,
evm-osaka,plonk,12,Y_dir,305296,301001,309591,0.014963,306431.5,305070,308166,8,1135.5,0.003719,PASS,Ync_dir,286966,288133.5,1167.5,0.00407,0.014963,PASS,PLONK_COSTLIER,PLONK_COSTLIER,MATCH
evm-osaka,plonk,12,Y_app,314255,309671,318839,0.015487,315489.5,314128,317224,8,1234.5,0.003928,PASS,Ync_app,295924,297191.5,1267.5,0.004282,0.015487,PASS,,,
evm-osaka,plonk,24,Y_dir,320352,315921,324783,0.014963,322388.0,321217,323859,8,2036.0,0.006356,PASS,Ync_dir,296064,298126,2062.0,0.006966,0.014963,PASS,PLONK_CHEAPER,PLONK_CHEAPER,MATCH
evm-osaka,plonk,24,Y_app,329267,324543,333991,0.015487,331534.0,330363,333005,8,2267.0,0.006885,PASS,Ync_app,304978,307272,2294.0,0.007521,0.015487,PASS,,,
eravm-29,groth16,6,Y_dir,478976,478678,479275,0.000622,479055.0,479055,479055,8,79.0,0.000165,PASS,Y_dir,479024,479055,31.0,6.4e-05,0.000622,PASS,PLONK_CHEAPER,PLONK_CHEAPER,MATCH
eravm-29,groth16,6,Y_app,486179,486020,486339,0.000327,486222.0,486222,486222,8,43.0,8.8e-05,PASS,Y_app,486227,486222,-5.0,-1.1e-05,0.000327,PASS,,,
eravm-29,groth16,8,Y_dir,492862,492555,493169,0.000622,492923.0,492923,492923,8,61.0,0.000124,PASS,Y_dir,492910,492923,13.0,2.7e-05,0.000622,PASS,PLONK_CHEAPER,PLONK_CHEAPER,MATCH
eravm-29,groth16,8,Y_app,500141,499977,500305,0.000327,500154.0,500154,500154,8,13.0,2.6e-05,PASS,Y_app,500189,500154,-35.0,-6.9e-05,0.000327,PASS,,,
eravm-29,groth16,12,Y_dir,520632,520308,520957,0.000622,520812.0,520812,520812,8,180.0,0.000346,PASS,Y_dir,520680,520812,132.0,0.000253,0.000622,PASS,PLONK_CHEAPER,PLONK_CHEAPER,MATCH
eravm-29,groth16,12,Y_app,528063,527890,528237,0.000327,528171.0,528171,528171,8,108.0,0.000205,PASS,Y_app,528111,528171,60.0,0.000113,0.000327,PASS,,,
eravm-29,groth16,24,Y_dir,603944,603568,604321,0.000622,604272.0,604272,604272,8,328.0,0.000543,PASS,Y_dir,603992,604272,280.0,0.000463,0.000622,PASS,PLONK_CHEAPER,PLONK_CHEAPER,MATCH
eravm-29,groth16,24,Y_app,611831,611631,612032,0.000327,612039.0,612039,612039,8,208.0,0.00034,FAIL,Y_app,611879,612039,160.0,0.000261,0.000327,PASS,,,
eravm-29,plonk,6,Y_dir,458221,449000,467443,0.020123,456305.25,453894,458760,8,-1915.75,-0.004181,PASS,Y_dir,458348,456305.25,-2042.75,-0.004456,0.020123,PASS,PLONK_CHEAPER,PLONK_CHEAPER,MATCH
eravm-29,plonk,6,Y_app,465900,456315,475485,0.020572,463956.25,461545,466411,8,-1943.75,-0.004172,PASS,Y_app,466027,463956.25,-2070.75,-0.004443,0.020572,PASS,,,
eravm-29,plonk,8,Y_dir,463111,453791,472430,0.020123,461302.5,458790,463488,8,-1808.5,-0.003905,PASS,Y_dir,463353,461302.5,-2050.5,-0.004425,0.020123,PASS,PLONK_CHEAPER,PLONK_CHEAPER,MATCH
eravm-29,plonk,8,Y_app,470882,461194,480569,0.020572,468993.5,466481,471179,8,-1888.5,-0.004011,PASS,Y_app,471124,468993.5,-2130.5,-0.004522,0.020572,PASS,,,
eravm-29,plonk,12,Y_dir,472849,463334,482365,0.020123,470509.0,468322,472744,8,-2340.0,-0.004949,PASS,Y_dir,473323,470509,-2814.0,-0.005945,0.020123,PASS,PLONK_CHEAPER,PLONK_CHEAPER,MATCH
eravm-29,plonk,12,Y_app,480804,470913,490696,0.020572,478328.0,476141,480563,8,-2476.0,-0.00515,PASS,Y_app,481278,478328,-2950.0,-0.006129,0.020572,PASS,,,
eravm-29,plonk,24,Y_dir,502025,491922,512128,0.020123,495510.0,493605,498171,8,-6515.0,-0.012977,PASS,Y_dir,503193,495510,-7683.0,-0.015268,0.020123,PASS,PLONK_CHEAPER,PLONK_CHEAPER,MATCH
eravm-29,plonk,24,Y_app,510532,500029,521035,0.020572,503713.0,501808,506374,8,-6819.0,-0.013357,PASS,Y_app,511700,503713,-7987.0,-0.015608,0.020572,PASS,,,
