circuit,relation,k,depth,r1cs_nonlinear,public_inputs,plonk_gates,circom_sha256,r1cs_sha256,wasm_sha256,groth16_zkey_sha256,groth16_vkey_sha256,groth16_verifier_sol_sha256,plonk_zkey_sha256,plonk_vkey_sha256,plonk_verifier_sol_sha256
c1_a4,a4 semantic anchor,4,11,3235,4,37010,fa9a369fcb6fa1f87d8c108a9158b5a8aeaa038349fab942a53283b59841dbdb,db5fc46a110f94c1f247fd3cc9d76e2b05673dfe652b0d25c9f948998c1c30cf,675f620d7cf83f10b2995e5da38e9744644a7672013a9243d573c69bb98dd22b,0ee53a8f9d6059f66c345483736c69187588bd88fd582751131269d8f520aeba,a7dd0fa1246e31b2f29515989293453fd4134bceb8a8406d003876b67ffd3d9a,23596a558f99220e46c350191c537d586df279add34cbc8a3acebbf02a5e92a7,61ba09294ebe5e73f9d6b97d0ae74da6ec076daf75735b6fa1b9d623de59ab7c,dd772520360ac8acc0511f34bea160e9138bb12f238af0cc7670138a56146430,7c3a975ed752c2cca0b18137178ae57613c2123e6ef4721f19a4ae3fa8bfed39
c1_a8,a8 semantic anchor,8,11,3359,8,39096,debd33d855420a3ae3dd05c40e74689e84ef545f962085f35872f3ba24f98b97,f9ce86c349e813f7f7ede87c077d4cba6553ae440a25b2ce7eac87a95404103e,99e2cb73c954bf7f6d63bdb84ac8a9fd168a35f9f3e73fca0ca2cb22508f3ea6,491af1b5c88178bcbff8a0b8cc8cf78f132ecc5c855b46617040a2120c115af2,b568b6c3c3bbe61d903a102cb7317df3656de6b4e8096320fa97040e114f6ff7,b6a33af11e6168474ea09c60265a9e9eb06e931efac8e5be1ba88938aa74fa97,b3e3a6bacff60c5fde284d34526a046916027ce35eb3e12be268f35d275d3a0d,3863b3c5ea736435c4d674419c9d65f54e541317966c7b4ca0d97864d8114c4b,32e6df51f612e95f52c8c81205d2e3e63fd6e18534467450dff108561fd58e41
c1_ctx_k02,ctx context tags,2,11,2971,2,34079,09fe2cf066e7ae339792ff90a6b1c29b729b3ff8117b2078ee0a5b5d4bf7ebd5,5f1031442d4c73aae895b117e2d2452218a90fb933ae7744d997e9f564a226d9,12aab89ac4148f00b56284e4da71e86e2769065d84b58e26eec3641e2a866824,b913f281f2310d2b4a23a4d5275c12588f51fe4a6410dff0f38804c2d8cfba57,a6878f81622b6032fc3b57b6944dc7ca73c245c8ea7b523a219d1db79b695d05,52164b56ff9497108046e4310d8bf9d1d85e2595a3dd5f0af94c97ffe087297b,b9efc9d70c4198131316d201e183f0109dde14d96975e21ed85c6b792f53ca1f,d14414bbc3c6c700f226421d8806dcb9aa1d161ec2e57466cb177e216e8c16c3,8a25261bb4b591c6eec4d8fcbd1c84bba0dec61e6679b52a96a231fe0db50be0
c1_ctx_k04,ctx context tags,4,11,2973,4,34083,5f4094961c785836cc7a44df6bea0e853e1f0bd1afa013dc882eb72dcd13075b,80df48297363950c835db901f349b269a14b4ef0baf51a31b4911dbc1cd6b1f6,346d3a2ff1fa96d08d2f374930380d64c44fbc38ef6c7d4adb075908ceb9beb1,6c3629f46c6c2311e6e2f8fe0b9bc56457ed16342c67ca36a1f521831ae4fa39,6bce22d3b08ff6c736fe6c65f70fa04fd4ca857e01c0a8142708acbfd6dc1c8b,a61debcd5d9da6d7cb0e533b50b0e66befb7118e02ee1928385746dc76caab97,2dccbcb5927699a9ae087ba607747c76bf3a0700b51b192ccb3d3a4b272e40e6,e7046a46fb257132a10cca9611f282e79c39a1f2ca4285c41c29974cf766ddcd,dac0dba5d5ee731d4431f34ebe0eb87609a8177e7470d9e6486d11909620946c
c1_ctx_k06,ctx context tags,6,11,2975,6,34087,6a25ba436ff50ad535417788fe860fb6fd8c2f3dcc975567caeee01b5daa5d8f,ee2cc6ff6e0b5d5918244b2fc3e6590684dabf1fb92e7e6454602fa617577aee,03ff0055c02f283fbc9b66a85a4fed85cc04a0150aabd822b6eedee84bb9c647,dd66939799bee59342c1114cb3c3b2e74416abb1726e537522aae44a4570d298,ce2bea80553712a67b6cb004e2edb86b132b951c6d5b5bb328a168c5bd8fbb56,a8cca5b572b05d859b4b7b46d3b2230a464f19006f98babe704b8c4a806bac4c,4f676cf60f854d5f917b20c74939046e4cb7ac29cc921eb4b391ea68a458e10e,23774c1af34f69161321abe075b4553430a89b12a2b8ae4c4dfae73640982eeb,5912d55bdafa5897c1975178dd8a2790d86a6978d5fb2c78615e234987dfa2ac
c1_ctx_k08,ctx context tags,8,11,2977,8,34091,4f4daf972555ae870e5b8592d4e2c1173d78066b98b2ef4caabd171970ee9538,7f9041c5169aa172e459018b298c7f3cab6cc84d97a46e7ac577a2a03f827fb0,fc7bc72594a518208a5a0183352cfbf90b838a97fe607102c8d9071fb0430d1d,073b696134be376b1daea7128ba0d8dfdee9a58c7ad078da347f9d055764e55c,feca6b09c6935534a7104e556ab2817b71b04b0e60370dc405f02d2c125e4d78,de5c75f00f71523b69c5ca301a5809de9bf15e7a59fbd852021ee623a1eb4913,7c830c9bf369687d4f93984ae5ba145c8d53ecafc8429ecf442a8418099d8b8c,873cbd1cb105bcb2323c6e65fe549baffeffa3432af81ea56e0f59764ae8f3e0,802e8fd9d6ce1d45c9f511a9ab8ee3adb07ecb0dd84c6e3de510e99b71b7d992
c1_ctx_k12,ctx context tags,12,11,2981,12,34099,22ee135ab04aaab865a02fde0ac7af91edea7ad75099d38cc47eadb532d77392,f6a0e2576c6c70326fcfce31a21bc80dfe3a3a5ba7203e22bdd72ab160869e7c,308875b224bd1f97931bae3f09ec267a92b2e86741f3b7eff27aa9a440935592,af89808d8fd3b09f743a37e8199ccc73017413f666d5817be4e6f6aabf105f2c,0e9efab4ed183769bc475cd860163e9002342d636accf35c5ebc0c4148c85bfd,29b45c7729e818fcf49ab03b1c36270403d0cf2a7622a5cf3a4e72b5509e290f,2d3807d27db46b90a7c6012e0f12c96cd02b19dde37b6ee10bfc29d21747fc7b,3b161d614751f09c41ddd3dd9c20e368786412a8fb51a42eed41278ae724ece9,8e21845ce7738ec1ff06eff0250db45bde50328dd435e0f7730fabf2e5ea5a8e
c1_ctx_k16,ctx context tags,16,11,2985,16,34107,fc7b22be95806a7e6e9df8944e9c6f9cc05980007833948d6535ef422a4425cd,00ffd17c6efe20d37c26d7f7055ac3c76fd35b543f73874f7057f6ff9668eb57,64b6ec46f35a811e0b15a8b528ad131b50ce150d5def08fbf9ead8cbdf94a34b,59c00dcc025bdbef8834ee05b1d76e1ddaaebbfe8473b5964deb9a5a5bead1cd,fdec4eb34a96a16d9b860a17737e68caecf83f82d87d032b3a69ba4c9bdc7a29,f5a58af922474a5ed6f86d0820c170b9082bfbed11a4aa9609f7666d888dc624,33aba61ac0d8cec1a1516c9ea50635e49d8fa60e74a22d037c74c980a3ec3b4c,92276820987b4c2724359e236ab677e0d4155defd0fdfd22b069561ac71d0763,c4e91131ab6c27b81aeeea804420d4e2ac6d8cb00361064d2cddd945ae15b1a0
c1_ctx_k24,ctx context tags,24,11,2993,24,34123,c051d7720b0c54f29bae9f3d0553b602567e90c01d20c45449de1abcc1f831b9,310d3ac64ae9c22e307247f24753b5f54fc4ad5380274361203b24b8c6f59dde,99bd891094edb8de5ed0caa7c3bd6238c8741e5c6a15f42985e53a8815666369,652bc598ba2a1c6ed65a31b9689048be159650e437e029527a316677b9a6ec0f,99edfb30f49948c1481332b0c822743f037e454bb5f5760d1621d358e08ae9d1,7b156cae649263602629ae16b45567da775305dc43bbd522b26ea245da4cc558,7b1535ece7343218ef66c7e4f922f967756b4854b6dccf9373107033fde28ab3,298d9432d141532d2bd1f6dea7a3def82ee5e8ba1e85f2b0a941104601c3fc5a,cae31f4f8c0d06cde7f802c0adceecc36b669442003e7f726b1e0ab43f031fe5
c1_ctx_k32,ctx context tags,32,11,3001,32,34139,b8d1ca7e6bdacbf5bf9d265486ba1dfa202ffa5b82ee004d6a5fdb9deacf89ea,d37ede4a420dc9a2c4f41dd865a00abdb6bd617dd864ef5e29f0ef5ef089ad2b,e92271015e5f59df0bd1bef2fed0e74703f686505fb77218e51641b9a2572147,f1ebc31737a08accaa2f8a8f3c4349330f2153ca7a0ee0377fb540d8ef642ba2,a57d63f8857c6ea7aa7fbacf25ebb0af2e3f0afa12936986f23fe25a22a0186a,86bccbe41389efc1f9ad5a1fca75317af09903912ecc57e578152a36080119be,452d8f4c9fc8a1f28b19c1a71363e7c2613967ac80b7bf4a9beeae82ce5391bb,dfe3847f724f1a362e5f50c5cf29d55bca281a93f11fb99f964e97ff3fe595e2,c13afb90b429816b8588260fda759a50895d67c211ee054070df4220ba9e6386
c1_ctx_k64,ctx context tags,64,11,3033,64,34203,949bb69a6c66138f635b268bc29625e0b75c3b25aedfa55d67200c8331aadc78,abd9ebaeeab84d5cbed9adcaa23e07ddc29d65109401be9b98405b05b309e776,693482163ee19ef93a2a9835c686baaef6fb949df61e7e52752835d5b6c77dcd,2fae7f0b08b8bbfc84e4c6bb1f1db1629147a56a2289ed2c900f96caec24738b,eb8fd5f1624130140963d5df3aadf42a126ad7cc73890ff925995c39d0979cd7,b1ec7338c6c8e647982701208f0d35371566347fb6bbd530a91760861231c345,e8b4dfae09c1be31e408c479fe8d71952a44c02fe2340522651ae874373858b3,702fcdf0bd61cbb86821fc98065914a8a0cf99d5f5730342affd4f15a218ab8d,947c4b65b536a264922efee6697dfd1e83e85107df51b13d55cf0e07d823939a
c1_disc_k04,disc disclosure variant,4,11,4131,4,63567,4b8921e38f8a794dc28c89f86196b85669875b24075a0e514ab509fc0399fc88,cc7c9122b355a5a82be462c006f68ca7d3e5d5bca6afa2b7bf797559d3e5a923,3605a45a2646f74c014efaa832b509e224514f542baab38c5eef2a187b87f4ef,e926c6a2745842889ab8997eb535c907c1fc08bee75259605d382c414933f2a8,7755eeac352a2e6e3899b97c78d0b2749350a5c1521a35d91282646ec2ae87c7,200f592b3f64edefc1560caa05f0c8df38f728e85e5d57ae9a9fe90fade4c5a2,f452fbf52de5d801cfe64e6f28c88e7f05e266e1da8beee42e392ef8ef74f414,e61d951f8a95da50913331c842c824f48f478f497439aeb01c734aa12d5f619e,69fd2f16a84ea852eb4a97d6dc0328dfcc76f2f953d329391f84814057c19eff
c1_k01,v1 (exact V1 relation),1,11,2970,1,34077,ab17264c47541b5c52a95dd7c1a4e9e796024a51933237b25d9fe0e50de6b6e4,670ffb5dece3411e0c542b1757b57d1e072c56abf23f456515f103384fca0b07,64f5296b96407a9fcac7b4b12c595091fff23f50b1d8190b28bd0e13654aac79,ce899c35228c7047800563c2194ed47474765bd111c9bd783320f5f32643efab,775b03670537d7828310364957df2d1adf05b1d91a3aea65f087bec2d50827df,11ab77ff94290885f9414f728878d4189e6a30537a1c75ce9797b00a07b9f224,55b85a8c273635d0f8f2cdda0e7ce81b35231792d5212b770681d612dbf1c56a,17e0dd435813a4559c78d0f0608d7cf44fce29a3ae7fbae477ac1b774f5a6e1e,ae0a21e064243a9755443981c398b5c93cd7f1e663ac4aacbb9098f3261e6b42
