regime,backend,circuit,proof_id,op,identical,differing_fields,bridge_gas,pilot_gas,bridge_native,pilot_native,bridge_eravm,pilot_eravm
eravm-29,groth16,c1_ctx_k04,c1_ctx_k04/groth16/j0,verify_credential,True,,473771,473771,,,472266,472266
eravm-29,groth16,c1_ctx_k04,c1_ctx_k04/groth16/j0,verify_proof_direct,True,,466644,466644,,,465139,465139
eravm-29,groth16,c1_ctx_k04,c1_ctx_k04/groth16/j1,verify_credential,True,,473771,473771,,,472266,472266
eravm-29,groth16,c1_ctx_k04,c1_ctx_k04/groth16/j1,verify_proof_direct,True,,466644,466644,,,465139,465139
eravm-29,groth16,c1_ctx_k04,c1_ctx_k04/groth16/j2,verify_credential,True,,473771,473771,,,472266,472266
eravm-29,groth16,c1_ctx_k04,c1_ctx_k04/groth16/j2,verify_proof_direct,True,,466644,466644,,,465139,465139
eravm-29,groth16,c1_ctx_k04,c1_ctx_k04/groth16/j3,verify_credential,True,,473771,473771,,,472266,472266
eravm-29,groth16,c1_ctx_k04,c1_ctx_k04/groth16/j3,verify_proof_direct,True,,466644,466644,,,465139,465139
eravm-29,groth16,c1_ctx_k04,c1_ctx_k04/groth16/j4,verify_credential,True,,473771,473771,,,472266,472266
eravm-29,groth16,c1_ctx_k04,c1_ctx_k04/groth16/j4,verify_proof_direct,True,,466644,466644,,,465139,465139
eravm-29,groth16,c1_ctx_k04,c1_ctx_k04/groth16/j5,verify_credential,True,,473771,473771,,,472266,472266
eravm-29,groth16,c1_ctx_k04,c1_ctx_k04/groth16/j5,verify_proof_direct,True,,466644,466644,,,465139,465139
eravm-29,groth16,c1_ctx_k04,c1_ctx_k04/groth16/j6,verify_credential,True,,473771,473771,,,472266,472266
eravm-29,groth16,c1_ctx_k04,c1_ctx_k04/groth16/j6,verify_proof_direct,True,,466644,466644,,,465139,465139
eravm-29,groth16,c1_ctx_k04,c1_ctx_k04/groth16/j7,verify_credential,True,,473771,473771,,,472266,472266
eravm-29,groth16,c1_ctx_k04,c1_ctx_k04/groth16/j7,verify_proof_direct,True,,466644,466644,,,465139,465139
eravm-29,groth16,c1_k01,c1_k01/groth16/j0,verify_credential,True,,452829,452829,,,451324,451324
eravm-29,groth16,c1_k01,c1_k01/groth16/j0,verify_proof_direct,True,,445816,445816,,,444311,444311
eravm-29,groth16,c1_k01,c1_k01/groth16/j1,verify_credential,True,,452829,452829,,,451324,451324
eravm-29,groth16,c1_k01,c1_k01/groth16/j1,verify_proof_direct,True,,445816,445816,,,444311,444311
eravm-29,groth16,c1_k01,c1_k01/groth16/j2,verify_credential,True,,452829,452829,,,451324,451324
eravm-29,groth16,c1_k01,c1_k01/groth16/j2,verify_proof_direct,True,,445816,445816,,,444311,444311
eravm-29,groth16,c1_k01,c1_k01/groth16/j3,verify_credential,True,,452829,452829,,,451324,451324
eravm-29,groth16,c1_k01,c1_k01/groth16/j3,verify_proof_direct,True,,445816,445816,,,444311,444311
eravm-29,groth16,c1_k01,c1_k01/groth16/j4,verify_credential,True,,452829,452829,,,451324,451324
eravm-29,groth16,c1_k01,c1_k01/groth16/j4,verify_proof_direct,True,,445816,445816,,,444311,444311
eravm-29,groth16,c1_k01,c1_k01/groth16/j5,verify_credential,True,,452829,452829,,,451324,451324
eravm-29,groth16,c1_k01,c1_k01/groth16/j5,verify_proof_direct,True,,445816,445816,,,444311,444311
eravm-29,groth16,c1_k01,c1_k01/groth16/j6,verify_credential,True,,452829,452829,,,451324,451324
eravm-29,groth16,c1_k01,c1_k01/groth16/j6,verify_proof_direct,True,,445816,445816,,,444311,444311
eravm-29,groth16,c1_k01,c1_k01/groth16/j7,verify_credential,True,,452829,452829,,,451324,451324
eravm-29,groth16,c1_k01,c1_k01/groth16/j7,verify_proof_direct,True,,445816,445816,,,444311,444311
eravm-29,plonk,c1_ctx_k04,c1_ctx_k04/plonk/j0,verify_credential,True,,463182,463182,,,461677,461677
eravm-29,plonk,c1_ctx_k04,c1_ctx_k04/plonk/j0,verify_proof_direct,True,,455595,455595,,,454090,454090
eravm-29,plonk,c1_ctx_k04,c1_ctx_k04/plonk/j1,verify_credential,True,,463074,463074,,,461569,461569
eravm-29,plonk,c1_ctx_k04,c1_ctx_k04/plonk/j1,verify_proof_direct,True,,455487,455487,,,453982,453982
eravm-29,plonk,c1_ctx_k04,c1_ctx_k04/plonk/j2,verify_credential,True,,461802,461802,,,460297,460297
eravm-29,plonk,c1_ctx_k04,c1_ctx_k04/plonk/j2,verify_proof_direct,True,,454215,454215,,,452710,452710
eravm-29,plonk,c1_ctx_k04,c1_ctx_k04/plonk/j3,verify_credential,True,,460620,460620,,,459115,459115
eravm-29,plonk,c1_ctx_k04,c1_ctx_k04/plonk/j3,verify_proof_direct,True,,453033,453033,,,451528,451528
eravm-29,plonk,c1_ctx_k04,c1_ctx_k04/plonk/j4,verify_credential,True,,462720,462720,,,461215,461215
eravm-29,plonk,c1_ctx_k04,c1_ctx_k04/plonk/j4,verify_proof_direct,True,,455133,455133,,,453628,453628
eravm-29,plonk,c1_ctx_k04,c1_ctx_k04/plonk/j5,verify_credential,True,,461178,461178,,,459673,459673
eravm-29,plonk,c1_ctx_k04,c1_ctx_k04/plonk/j5,verify_proof_direct,True,,453591,453591,,,452086,452086
eravm-29,plonk,c1_ctx_k04,c1_ctx_k04/plonk/j6,verify_credential,True,,462816,462816,,,461311,461311
eravm-29,plonk,c1_ctx_k04,c1_ctx_k04/plonk/j6,verify_proof_direct,True,,455229,455229,,,453724,453724
eravm-29,plonk,c1_ctx_k04,c1_ctx_k04/plonk/j7,verify_credential,True,,464406,464406,,,462901,462901
eravm-29,plonk,c1_ctx_k04,c1_ctx_k04/plonk/j7,verify_proof_direct,True,,456819,456819,,,455314,455314
eravm-29,plonk,c1_k01,c1_k01/plonk/j0,verify_credential,True,,457406,457406,,,455901,455901
eravm-29,plonk,c1_k01,c1_k01/plonk/j0,verify_proof_direct,True,,449957,449957,,,448452,448452
eravm-29,plonk,c1_k01,c1_k01/plonk/j1,verify_credential,True,,453386,453386,,,451881,451881
eravm-29,plonk,c1_k01,c1_k01/plonk/j1,verify_proof_direct,True,,445937,445937,,,444432,444432
eravm-29,plonk,c1_k01,c1_k01/plonk/j2,verify_credential,True,,455582,455582,,,454077,454077
eravm-29,plonk,c1_k01,c1_k01/plonk/j2,verify_proof_direct,True,,448133,448133,,,446628,446628
eravm-29,plonk,c1_k01,c1_k01/plonk/j3,verify_credential,True,,453968,453968,,,452463,452463
eravm-29,plonk,c1_k01,c1_k01/plonk/j3,verify_proof_direct,True,,446519,446519,,,445014,445014
eravm-29,plonk,c1_k01,c1_k01/plonk/j4,verify_credential,True,,455756,455756,,,454251,454251
eravm-29,plonk,c1_k01,c1_k01/plonk/j4,verify_proof_direct,True,,448307,448307,,,446802,446802
eravm-29,plonk,c1_k01,c1_k01/plonk/j5,verify_credential,True,,455492,455492,,,453987,453987
eravm-29,plonk,c1_k01,c1_k01/plonk/j5,verify_proof_direct,True,,448043,448043,,,446538,446538
eravm-29,plonk,c1_k01,c1_k01/plonk/j6,verify_credential,True,,453986,453986,,,452481,452481
eravm-29,plonk,c1_k01,c1_k01/plonk/j6,verify_proof_direct,True,,446537,446537,,,445032,445032
eravm-29,plonk,c1_k01,c1_k01/plonk/j7,verify_credential,True,,453218,453218,,,451713,451713
eravm-29,plonk,c1_k01,c1_k01/plonk/j7,verify_proof_direct,True,,445769,445769,,,444264,444264
evm-osaka,groth16,c1_ctx_k04,c1_ctx_k04/groth16/j0,verify_credential,True,,245515,245515,,,,
evm-osaka,groth16,c1_ctx_k04,c1_ctx_k04/groth16/j0,verify_proof_direct,True,,236122,236122,,,,
evm-osaka,groth16,c1_ctx_k04,c1_ctx_k04/groth16/j1,verify_credential,True,,245491,245491,,,,
evm-osaka,groth16,c1_ctx_k04,c1_ctx_k04/groth16/j1,verify_proof_direct,True,,236098,236098,,,,
evm-osaka,groth16,c1_ctx_k04,c1_ctx_k04/groth16/j2,verify_credential,True,,245479,245479,,,,
evm-osaka,groth16,c1_ctx_k04,c1_ctx_k04/groth16/j2,verify_proof_direct,True,,236086,236086,,,,
evm-osaka,groth16,c1_ctx_k04,c1_ctx_k04/groth16/j3,verify_credential,True,,245491,245491,,,,
evm-osaka,groth16,c1_ctx_k04,c1_ctx_k04/groth16/j3,verify_proof_direct,True,,236098,236098,,,,
evm-osaka,groth16,c1_ctx_k04,c1_ctx_k04/groth16/j4,verify_credential,True,,245503,245503,,,,
evm-osaka,groth16,c1_ctx_k04,c1_ctx_k04/groth16/j4,verify_proof_direct,True,,236110,236110,,,,
evm-osaka,groth16,c1_ctx_k04,c1_ctx_k04/groth16/j5,verify_credential,True,,245515,245515,,,,
evm-osaka,groth16,c1_ctx_k04,c1_ctx_k04/groth16/j5,verify_proof_direct,True,,236122,236122,,,,
evm-osaka,groth16,c1_ctx_k04,c1_ctx_k04/groth16/j6,verify_credential,True,,245479,245479,,,,
evm-osaka,groth16,c1_ctx_k04,c1_ctx_k04/groth16/j6,verify_proof_direct,True,,236086,236086,,,,
evm-osaka,groth16,c1_ctx_k04,c1_ctx_k04/groth16/j7,verify_credential,True,,245503,245503,,,,
evm-osaka,groth16,c1_ctx_k04,c1_ctx_k04/groth16/j7,verify_proof_direct,True,,236110,236110,,,,
evm-osaka,groth16,c1_k01,c1_k01/groth16/j0,verify_credential,True,,223910,223910,,,,
evm-osaka,groth16,c1_k01,c1_k01/groth16/j0,verify_proof_direct,True,,214549,214549,,,,
evm-osaka,groth16,c1_k01,c1_k01/groth16/j1,verify_credential,True,,223946,223946,,,,
evm-osaka,groth16,c1_k01,c1_k01/groth16/j1,verify_proof_direct,True,,214585,214585,,,,
evm-osaka,groth16,c1_k01,c1_k01/groth16/j2,verify_credential,True,,223970,223970,,,,
evm-osaka,groth16,c1_k01,c1_k01/groth16/j2,verify_proof_direct,True,,214609,214609,,,,
evm-osaka,groth16,c1_k01,c1_k01/groth16/j3,verify_credential,True,,223958,223958,,,,
evm-osaka,groth16,c1_k01,c1_k01/groth16/j3,verify_proof_direct,True,,214597,214597,,,,
evm-osaka,groth16,c1_k01,c1_k01/groth16/j4,verify_credential,True,,223970,223970,,,,
evm-osaka,groth16,c1_k01,c1_k01/groth16/j4,verify_proof_direct,True,,214609,214609,,,,
evm-osaka,groth16,c1_k01,c1_k01/groth16/j5,verify_credential,True,,223958,223958,,,,
evm-osaka,groth16,c1_k01,c1_k01/groth16/j5,verify_proof_direct,True,,214597,214597,,,,
evm-osaka,groth16,c1_k01,c1_k01/groth16/j6,verify_credential,True,,223934,223934,,,,
evm-osaka,groth16,c1_k01,c1_k01/groth16/j6,verify_proof_direct,True,,214573,214573,,,,
evm-osaka,groth16,c1_k01,c1_k01/groth16/j7,verify_credential,True,,223958,223958,,,,
evm-osaka,groth16,c1_k01,c1_k01/groth16/j7,verify_proof_direct,True,,214597,214597,,,,
evm-osaka,plonk,c1_ctx_k04,c1_ctx_k04/plonk/j0,verify_credential,True,,304743,304743,,,,
evm-osaka,plonk,c1_ctx_k04,c1_ctx_k04/plonk/j0,verify_proof_direct,True,,295755,295755,,,,
evm-osaka,plonk,c1_ctx_k04,c1_ctx_k04/plonk/j1,verify_credential,True,,304205,304205,,,,
evm-osaka,plonk,c1_ctx_k04,c1_ctx_k04/plonk/j1,verify_proof_direct,True,,295217,295217,,,,
evm-osaka,plonk,c1_ctx_k04,c1_ctx_k04/plonk/j2,verify_credential,True,,304033,304033,,,,
evm-osaka,plonk,c1_ctx_k04,c1_ctx_k04/plonk/j2,verify_proof_direct,True,,295045,295045,,,,
evm-osaka,plonk,c1_ctx_k04,c1_ctx_k04/plonk/j3,verify_credential,True,,302969,302969,,,,
evm-osaka,plonk,c1_ctx_k04,c1_ctx_k04/plonk/j3,verify_proof_direct,True,,293981,293981,,,,
evm-osaka,plonk,c1_ctx_k04,c1_ctx_k04/plonk/j4,verify_credential,True,,304413,304413,,,,
evm-osaka,plonk,c1_ctx_k04,c1_ctx_k04/plonk/j4,verify_proof_direct,True,,295425,295425,,,,
evm-osaka,plonk,c1_ctx_k04,c1_ctx_k04/plonk/j5,verify_credential,True,,303213,303213,,,,
evm-osaka,plonk,c1_ctx_k04,c1_ctx_k04/plonk/j5,verify_proof_direct,True,,294225,294225,,,,
evm-osaka,plonk,c1_ctx_k04,c1_ctx_k04/plonk/j6,verify_credential,True,,304559,304559,,,,
evm-osaka,plonk,c1_ctx_k04,c1_ctx_k04/plonk/j6,verify_proof_direct,True,,295571,295571,,,,
evm-osaka,plonk,c1_ctx_k04,c1_ctx_k04/plonk/j7,verify_credential,True,,305415,305415,,,,
evm-osaka,plonk,c1_ctx_k04,c1_ctx_k04/plonk/j7,verify_proof_direct,True,,296427,296427,,,,
evm-osaka,plonk,c1_k01,c1_k01/plonk/j0,verify_credential,True,,302314,302314,,,,
evm-osaka,plonk,c1_k01,c1_k01/plonk/j0,verify_proof_direct,True,,293315,293315,,,,
evm-osaka,plonk,c1_k01,c1_k01/plonk/j1,verify_credential,True,,299096,299096,,,,
evm-osaka,plonk,c1_k01,c1_k01/plonk/j1,verify_proof_direct,True,,290097,290097,,,,
evm-osaka,plonk,c1_k01,c1_k01/plonk/j2,verify_credential,True,,301152,301152,,,,
evm-osaka,plonk,c1_k01,c1_k01/plonk/j2,verify_proof_direct,True,,292153,292153,,,,
evm-osaka,plonk,c1_k01,c1_k01/plonk/j3,verify_credential,True,,299818,299818,,,,
evm-osaka,plonk,c1_k01,c1_k01/plonk/j3,verify_proof_direct,True,,290819,290819,,,,
evm-osaka,plonk,c1_k01,c1_k01/plonk/j4,verify_credential,True,,300980,300980,,,,
evm-osaka,plonk,c1_k01,c1_k01/plonk/j4,verify_proof_direct,True,,291981,291981,,,,
evm-osaka,plonk,c1_k01,c1_k01/plonk/j5,verify_credential,True,,301066,301066,,,,
evm-osaka,plonk,c1_k01,c1_k01/plonk/j5,verify_proof_direct,True,,292067,292067,,,,
evm-osaka,plonk,c1_k01,c1_k01/plonk/j6,verify_credential,True,,299782,299782,,,,
evm-osaka,plonk,c1_k01,c1_k01/plonk/j6,verify_proof_direct,True,,290783,290783,,,,
evm-osaka,plonk,c1_k01,c1_k01/plonk/j7,verify_credential,True,,299402,299402,,,,
evm-osaka,plonk,c1_k01,c1_k01/plonk/j7,verify_proof_direct,True,,290403,290403,,,,
zkos-v32@npg100,groth16,c1_ctx_k04,c1_ctx_k04/groth16/j0,verify_credential,True,,396339,396339,39633974,39633974,,
zkos-v32@npg100,groth16,c1_ctx_k04,c1_ctx_k04/groth16/j0,verify_proof_direct,True,,391853,391853,39185303,39185303,,
zkos-v32@npg100,groth16,c1_ctx_k04,c1_ctx_k04/groth16/j1,verify_credential,True,,396339,396339,39633974,39633974,,
zkos-v32@npg100,groth16,c1_ctx_k04,c1_ctx_k04/groth16/j1,verify_proof_direct,True,,391853,391853,39185303,39185303,,
zkos-v32@npg100,groth16,c1_ctx_k04,c1_ctx_k04/groth16/j2,verify_credential,True,,396339,396339,39633974,39633974,,
zkos-v32@npg100,groth16,c1_ctx_k04,c1_ctx_k04/groth16/j2,verify_proof_direct,True,,391853,391853,39185303,39185303,,
zkos-v32@npg100,groth16,c1_ctx_k04,c1_ctx_k04/groth16/j3,verify_credential,True,,396339,396339,39633974,39633974,,
zkos-v32@npg100,groth16,c1_ctx_k04,c1_ctx_k04/groth16/j3,verify_proof_direct,True,,391853,391853,39185303,39185303,,
zkos-v32@npg100,groth16,c1_ctx_k04,c1_ctx_k04/groth16/j4,verify_credential,True,,396339,396339,39633974,39633974,,
zkos-v32@npg100,groth16,c1_ctx_k04,c1_ctx_k04/groth16/j4,verify_proof_direct,True,,391853,391853,39185303,39185303,,
zkos-v32@npg100,groth16,c1_ctx_k04,c1_ctx_k04/groth16/j5,verify_credential,True,,396339,396339,39633974,39633974,,
zkos-v32@npg100,groth16,c1_ctx_k04,c1_ctx_k04/groth16/j5,verify_proof_direct,True,,391853,391853,39185303,39185303,,
zkos-v32@npg100,groth16,c1_ctx_k04,c1_ctx_k04/groth16/j6,verify_credential,True,,396339,396339,39633974,39633974,,
zkos-v32@npg100,groth16,c1_ctx_k04,c1_ctx_k04/groth16/j6,verify_proof_direct,True,,391853,391853,39185303,39185303,,
zkos-v32@npg100,groth16,c1_ctx_k04,c1_ctx_k04/groth16/j7,verify_credential,True,,396339,396339,39633974,39633974,,
zkos-v32@npg100,groth16,c1_ctx_k04,c1_ctx_k04/groth16/j7,verify_proof_direct,True,,391853,391853,39185303,39185303,,
zkos-v32@npg100,groth16,c1_k01,c1_k01/groth16/j0,verify_credential,True,,369549,369549,36954938,36954938,,
zkos-v32@npg100,groth16,c1_k01,c1_k01/groth16/j0,verify_proof_direct,True,,365068,365068,36506865,36506865,,
zkos-v32@npg100,groth16,c1_k01,c1_k01/groth16/j1,verify_credential,True,,369549,369549,36954938,36954938,,
zkos-v32@npg100,groth16,c1_k01,c1_k01/groth16/j1,verify_proof_direct,True,,365068,365068,36506865,36506865,,
zkos-v32@npg100,groth16,c1_k01,c1_k01/groth16/j2,verify_credential,True,,369549,369549,36954938,36954938,,
zkos-v32@npg100,groth16,c1_k01,c1_k01/groth16/j2,verify_proof_direct,True,,365068,365068,36506865,36506865,,
zkos-v32@npg100,groth16,c1_k01,c1_k01/groth16/j3,verify_credential,True,,369549,369549,36954938,36954938,,
zkos-v32@npg100,groth16,c1_k01,c1_k01/groth16/j3,verify_proof_direct,True,,365068,365068,36506865,36506865,,
zkos-v32@npg100,groth16,c1_k01,c1_k01/groth16/j4,verify_credential,True,,369549,369549,36954938,36954938,,
zkos-v32@npg100,groth16,c1_k01,c1_k01/groth16/j4,verify_proof_direct,True,,365068,365068,36506865,36506865,,
zkos-v32@npg100,groth16,c1_k01,c1_k01/groth16/j5,verify_credential,True,,369549,369549,36954938,36954938,,
zkos-v32@npg100,groth16,c1_k01,c1_k01/groth16/j5,verify_proof_direct,True,,365068,365068,36506865,36506865,,
zkos-v32@npg100,groth16,c1_k01,c1_k01/groth16/j6,verify_credential,True,,369549,369549,36954938,36954938,,
zkos-v32@npg100,groth16,c1_k01,c1_k01/groth16/j6,verify_proof_direct,True,,365068,365068,36506865,36506865,,
zkos-v32@npg100,groth16,c1_k01,c1_k01/groth16/j7,verify_credential,True,,369549,369549,36954938,36954938,,
zkos-v32@npg100,groth16,c1_k01,c1_k01/groth16/j7,verify_proof_direct,True,,365068,365068,36506865,36506865,,
zkos-v32@npg100,plonk,c1_ctx_k04,c1_ctx_k04/plonk/j0,verify_credential,True,,392322,392322,39232253,39232253,,
zkos-v32@npg100,plonk,c1_ctx_k04,c1_ctx_k04/plonk/j0,verify_proof_direct,True,,387944,387944,38794411,38794411,,
zkos-v32@npg100,plonk,c1_ctx_k04,c1_ctx_k04/plonk/j1,verify_credential,True,,392184,392184,39218443,39218443,,
zkos-v32@npg100,plonk,c1_ctx_k04,c1_ctx_k04/plonk/j1,verify_proof_direct,True,,387806,387806,38780601,38780601,,
zkos-v32@npg100,plonk,c1_ctx_k04,c1_ctx_k04/plonk/j2,verify_credential,True,,392129,392129,39212971,39212971,,
zkos-v32@npg100,plonk,c1_ctx_k04,c1_ctx_k04/plonk/j2,verify_proof_direct,True,,387751,387751,38775129,38775129,,
zkos-v32@npg100,plonk,c1_ctx_k04,c1_ctx_k04/plonk/j3,verify_credential,True,,391856,391856,39185611,39185611,,
zkos-v32@npg100,plonk,c1_ctx_k04,c1_ctx_k04/plonk/j3,verify_proof_direct,True,,387477,387477,38747769,38747769,,
zkos-v32@npg100,plonk,c1_ctx_k04,c1_ctx_k04/plonk/j4,verify_credential,True,,392239,392239,39223915,39223915,,
zkos-v32@npg100,plonk,c1_ctx_k04,c1_ctx_k04/plonk/j4,verify_proof_direct,True,,387860,387860,38786073,38786073,,
zkos-v32@npg100,plonk,c1_ctx_k04,c1_ctx_k04/plonk/j5,verify_credential,True,,391910,391910,39191083,39191083,,
zkos-v32@npg100,plonk,c1_ctx_k04,c1_ctx_k04/plonk/j5,verify_proof_direct,True,,387532,387532,38753241,38753241,,
zkos-v32@npg100,plonk,c1_ctx_k04,c1_ctx_k04/plonk/j6,verify_credential,True,,392267,392267,39226781,39226781,,
zkos-v32@npg100,plonk,c1_ctx_k04,c1_ctx_k04/plonk/j6,verify_proof_direct,True,,387889,387889,38788939,38788939,,
zkos-v32@npg100,plonk,c1_ctx_k04,c1_ctx_k04/plonk/j7,verify_credential,True,,392486,392486,39248669,39248669,,
zkos-v32@npg100,plonk,c1_ctx_k04,c1_ctx_k04/plonk/j7,verify_proof_direct,True,,388108,388108,38810827,38810827,,
zkos-v32@npg100,plonk,c1_k01,c1_k01/plonk/j0,verify_credential,True,,391540,391540,39154055,39154055,,
zkos-v32@npg100,plonk,c1_k01,c1_k01/plonk/j0,verify_proof_direct,True,,387159,387159,38715911,38715911,,
zkos-v32@npg100,plonk,c1_k01,c1_k01/plonk/j1,verify_credential,True,,390691,390691,39069109,39069109,,
zkos-v32@npg100,plonk,c1_k01,c1_k01/plonk/j1,verify_proof_direct,True,,386309,386309,38630965,38630965,,
zkos-v32@npg100,plonk,c1_k01,c1_k01/plonk/j2,verify_credential,True,,391238,391238,39123829,39123829,,
zkos-v32@npg100,plonk,c1_k01,c1_k01/plonk/j2,verify_proof_direct,True,,386856,386856,38685685,38685685,,
zkos-v32@npg100,plonk,c1_k01,c1_k01/plonk/j3,verify_credential,True,,390883,390883,39088391,39088391,,
zkos-v32@npg100,plonk,c1_k01,c1_k01/plonk/j3,verify_proof_direct,True,,386502,386502,38650247,38650247,,
zkos-v32@npg100,plonk,c1_k01,c1_k01/plonk/j4,verify_credential,True,,391183,391183,39118357,39118357,,
zkos-v32@npg100,plonk,c1_k01,c1_k01/plonk/j4,verify_proof_direct,True,,386802,386802,38680213,38680213,,
zkos-v32@npg100,plonk,c1_k01,c1_k01/plonk/j5,verify_credential,True,,391212,391212,39121223,39121223,,
zkos-v32@npg100,plonk,c1_k01,c1_k01/plonk/j5,verify_proof_direct,True,,386830,386830,38683079,38683079,,
zkos-v32@npg100,plonk,c1_k01,c1_k01/plonk/j6,verify_credential,True,,390883,390883,39088391,39088391,,
zkos-v32@npg100,plonk,c1_k01,c1_k01/plonk/j6,verify_proof_direct,True,,386502,386502,38650247,38650247,,
zkos-v32@npg100,plonk,c1_k01,c1_k01/plonk/j7,verify_credential,True,,390774,390774,39077447,39077447,,
zkos-v32@npg100,plonk,c1_k01,c1_k01/plonk/j7,verify_proof_direct,True,,386393,386393,38639303,38639303,,
