raw/01-zkos-v32_at_npg167__groth16__c1_ctx_k04/attempt-1/node/l1-state.json	bc2f550de5a8ae96215b326a64e9f747fda4fd5378c939b0bb926cb24de7c56a	equals_decompressed_pin	90176229
raw/02-zkos-v32_at_npg100__groth16__c1_ctx_k06/attempt-1/node/l1-state.json	bc2f550de5a8ae96215b326a64e9f747fda4fd5378c939b0bb926cb24de7c56a	equals_decompressed_pin	90176229
raw/03-zkos-v32_at_npg156__groth16__c1_ctx_k16/attempt-1/node/l1-state.json	bc2f550de5a8ae96215b326a64e9f747fda4fd5378c939b0bb926cb24de7c56a	equals_decompressed_pin	90176229
raw/05-zkos-v32_at_npg100__plonk__c1_ctx_k08/attempt-1/node/l1-state.json	bc2f550de5a8ae96215b326a64e9f747fda4fd5378c939b0bb926cb24de7c56a	equals_decompressed_pin	90176229
raw/09-zkos-v32_at_npg300__plonk__c1_ctx_k16/attempt-1/node/l1-state.json	bc2f550de5a8ae96215b326a64e9f747fda4fd5378c939b0bb926cb24de7c56a	equals_decompressed_pin	90176229
raw/11-zkos-v32_at_npg132__plonk__c1_ctx_k16/attempt-1/node/l1-state.json	bc2f550de5a8ae96215b326a64e9f747fda4fd5378c939b0bb926cb24de7c56a	equals_decompressed_pin	90176229
raw/12-zkos-v32_at_npg100__plonk__c1_a4/attempt-1/node/l1-state.json	bc2f550de5a8ae96215b326a64e9f747fda4fd5378c939b0bb926cb24de7c56a	equals_decompressed_pin	90176229
raw/13-zkos-v32_at_npg300__groth16__c1_ctx_k04/attempt-1/node/l1-state.json	bc2f550de5a8ae96215b326a64e9f747fda4fd5378c939b0bb926cb24de7c56a	equals_decompressed_pin	90176229
raw/14-zkos-v32_at_npg100__plonk__c1_ctx_k12/attempt-1/node/l1-state.json	bc2f550de5a8ae96215b326a64e9f747fda4fd5378c939b0bb926cb24de7c56a	equals_decompressed_pin	90176229
raw/15-zkos-v32_at_npg100__plonk__c1_ctx_k32/attempt-1/node/l1-state.json	bc2f550de5a8ae96215b326a64e9f747fda4fd5378c939b0bb926cb24de7c56a	equals_decompressed_pin	90176229
raw/16-zkos-v32_at_npg100__groth16__c1_ctx_k08/attempt-1/node/l1-state.json	bc2f550de5a8ae96215b326a64e9f747fda4fd5378c939b0bb926cb24de7c56a	equals_decompressed_pin	90176229
raw/20-zkos-v32_at_npg100__groth16__c1_ctx_k24/attempt-1/node/l1-state.json	bc2f550de5a8ae96215b326a64e9f747fda4fd5378c939b0bb926cb24de7c56a	equals_decompressed_pin	90176229
raw/22-zkos-v32_at_npg141__groth16__c1_ctx_k16/attempt-1/node/l1-state.json	bc2f550de5a8ae96215b326a64e9f747fda4fd5378c939b0bb926cb24de7c56a	equals_decompressed_pin	90176229
raw/23-zkos-v32_at_npg138__groth16__c1_ctx_k04/attempt-1/node/l1-state.json	bc2f550de5a8ae96215b326a64e9f747fda4fd5378c939b0bb926cb24de7c56a	equals_decompressed_pin	90176229
raw/26-zkos-v32_at_npg154__plonk__c1_ctx_k16/attempt-1/node/l1-state.json	bc2f550de5a8ae96215b326a64e9f747fda4fd5378c939b0bb926cb24de7c56a	equals_decompressed_pin	90176229
raw/29-zkos-v32_at_npg165__plonk__c1_ctx_k04/attempt-1/node/l1-state.json	bc2f550de5a8ae96215b326a64e9f747fda4fd5378c939b0bb926cb24de7c56a	equals_decompressed_pin	90176229
raw/37-zkos-v32_at_npg100__groth16__c1_ctx_k32/attempt-1/node/l1-state.json	bc2f550de5a8ae96215b326a64e9f747fda4fd5378c939b0bb926cb24de7c56a	equals_decompressed_pin	90176229
raw/39-zkos-v32_at_npg100__plonk__c1_ctx_k24/attempt-1/node/l1-state.json	bc2f550de5a8ae96215b326a64e9f747fda4fd5378c939b0bb926cb24de7c56a	equals_decompressed_pin	90176229
raw/41-zkos-v32_at_npg167__plonk__c1_ctx_k04/attempt-1/node/l1-state.json	bc2f550de5a8ae96215b326a64e9f747fda4fd5378c939b0bb926cb24de7c56a	equals_decompressed_pin	90176229
raw/43-zkos-v32_at_npg156__plonk__c1_ctx_k16/attempt-1/node/l1-state.json	bc2f550de5a8ae96215b326a64e9f747fda4fd5378c939b0bb926cb24de7c56a	equals_decompressed_pin	90176229
raw/46-zkos-v32_at_npg100__plonk__c1_disc_k04/attempt-1/node/l1-state.json	bc2f550de5a8ae96215b326a64e9f747fda4fd5378c939b0bb926cb24de7c56a	equals_decompressed_pin	90176229
raw/47-zkos-v32_at_npg300__groth16__c1_ctx_k16/attempt-1/node/l1-state.json	bc2f550de5a8ae96215b326a64e9f747fda4fd5378c939b0bb926cb24de7c56a	equals_decompressed_pin	90176229
raw/48-zkos-v32_at_npg125__groth16__c1_ctx_k04/attempt-1/node/l1-state.json	bc2f550de5a8ae96215b326a64e9f747fda4fd5378c939b0bb926cb24de7c56a	equals_decompressed_pin	90176229
raw/49-zkos-v32_at_npg125__plonk__c1_ctx_k04/attempt-1/node/l1-state.json	bc2f550de5a8ae96215b326a64e9f747fda4fd5378c939b0bb926cb24de7c56a	equals_decompressed_pin	90176229
raw/53-zkos-v32_at_npg100__groth16__c1_a4/attempt-1/node/l1-state.json	bc2f550de5a8ae96215b326a64e9f747fda4fd5378c939b0bb926cb24de7c56a	equals_decompressed_pin	90176229
raw/54-zkos-v32_at_npg100+priority_fee=1e8wei__groth16__c1_k01/attempt-1/node/l1-state.json	bc2f550de5a8ae96215b326a64e9f747fda4fd5378c939b0bb926cb24de7c56a	equals_decompressed_pin	90176229
raw/55-zkos-v32_at_npg100__plonk__c1_a8/attempt-1/node/l1-state.json	bc2f550de5a8ae96215b326a64e9f747fda4fd5378c939b0bb926cb24de7c56a	equals_decompressed_pin	90176229
raw/57-zkos-v32_at_npg100+priority_fee=1e8wei__plonk__c1_k01/attempt-1/node/l1-state.json	bc2f550de5a8ae96215b326a64e9f747fda4fd5378c939b0bb926cb24de7c56a	equals_decompressed_pin	90176229
raw/58-zkos-v32_at_npg120__plonk__c1_ctx_k16/attempt-1/node/l1-state.json	bc2f550de5a8ae96215b326a64e9f747fda4fd5378c939b0bb926cb24de7c56a	equals_decompressed_pin	90176229
raw/60-zkos-v32_at_npg141__plonk__c1_ctx_k16/attempt-1/node/l1-state.json	bc2f550de5a8ae96215b326a64e9f747fda4fd5378c939b0bb926cb24de7c56a	equals_decompressed_pin	90176229
raw/63-zkos-v32_at_npg100__groth16__c1_ctx_k12/attempt-1/node/l1-state.json	bc2f550de5a8ae96215b326a64e9f747fda4fd5378c939b0bb926cb24de7c56a	equals_decompressed_pin	90176229
raw/65-zkos-v32_at_npg149__groth16__c1_ctx_k04/attempt-1/node/l1-state.json	bc2f550de5a8ae96215b326a64e9f747fda4fd5378c939b0bb926cb24de7c56a	equals_decompressed_pin	90176229
raw/67-zkos-v32_at_npg300__plonk__c1_ctx_k04/attempt-1/node/l1-state.json	bc2f550de5a8ae96215b326a64e9f747fda4fd5378c939b0bb926cb24de7c56a	equals_decompressed_pin	90176229
raw/69-zkos-v32_at_npg149__plonk__c1_ctx_k04/attempt-1/node/l1-state.json	bc2f550de5a8ae96215b326a64e9f747fda4fd5378c939b0bb926cb24de7c56a	equals_decompressed_pin	90176229
raw/77-zkos-v32_at_npg138__plonk__c1_ctx_k04/attempt-1/node/l1-state.json	bc2f550de5a8ae96215b326a64e9f747fda4fd5378c939b0bb926cb24de7c56a	equals_decompressed_pin	90176229
raw/78-zkos-v32_at_npg132__groth16__c1_ctx_k16/attempt-1/node/l1-state.json	bc2f550de5a8ae96215b326a64e9f747fda4fd5378c939b0bb926cb24de7c56a	equals_decompressed_pin	90176229
raw/79-zkos-v32_at_npg100__groth16__c1_a8/attempt-1/node/l1-state.json	bc2f550de5a8ae96215b326a64e9f747fda4fd5378c939b0bb926cb24de7c56a	equals_decompressed_pin	90176229
raw/80-zkos-v32_at_npg100__groth16__c1_ctx_k64/attempt-1/node/l1-state.json	bc2f550de5a8ae96215b326a64e9f747fda4fd5378c939b0bb926cb24de7c56a	equals_decompressed_pin	90176229
raw/81-zkos-v32_at_npg100__plonk__c1_ctx_k06/attempt-1/node/l1-state.json	bc2f550de5a8ae96215b326a64e9f747fda4fd5378c939b0bb926cb24de7c56a	equals_decompressed_pin	90176229
raw/82-zkos-v32_at_npg100__plonk__c1_ctx_k64/attempt-1/node/l1-state.json	bc2f550de5a8ae96215b326a64e9f747fda4fd5378c939b0bb926cb24de7c56a	equals_decompressed_pin	90176229
raw/83-zkos-v32_at_npg154__groth16__c1_ctx_k16/attempt-1/node/l1-state.json	bc2f550de5a8ae96215b326a64e9f747fda4fd5378c939b0bb926cb24de7c56a	equals_decompressed_pin	90176229
raw/85-zkos-v32_at_npg165__groth16__c1_ctx_k04/attempt-1/node/l1-state.json	bc2f550de5a8ae96215b326a64e9f747fda4fd5378c939b0bb926cb24de7c56a	equals_decompressed_pin	90176229
raw/86-zkos-v32_at_npg100__groth16__c1_disc_k04/attempt-1/node/l1-state.json	bc2f550de5a8ae96215b326a64e9f747fda4fd5378c939b0bb926cb24de7c56a	equals_decompressed_pin	90176229
raw/87-zkos-v32_at_npg120__groth16__c1_ctx_k16/attempt-1/node/l1-state.json	bc2f550de5a8ae96215b326a64e9f747fda4fd5378c939b0bb926cb24de7c56a	equals_decompressed_pin	90176229
