proof_id,k,N_measured,C1_ZC_pred,C1_ZC_residual,C1_ZC_err_rel,C1_tau_cond_F,H8_status,C2_N_hat,C2_residual,C2_err_rel,C2_tau,C2_within_tau,C2_exact,C2_structural_consistent
c1_ff_k01/fflonk/j0,1,28083855,27990393,93462,0.003339,0.005690131097304986,PASS,28083855,0,0.0,0.000138,True,True,True
c1_ff_k01/fflonk/j1,1,28083855,27990393,93462,0.003339,0.005690131097304986,PASS,28083855,0,0.0,0.000138,True,True,True
c1_ff_k01/fflonk/j2,1,28083855,27990393,93462,0.003339,0.005690131097304986,PASS,28083855,0,0.0,0.000138,True,True,True
c1_ff_k01/fflonk/j3,1,28083855,27990393,93462,0.003339,0.005690131097304986,PASS,28083855,0,0.0,0.000138,True,True,True
c1_ff_k01/fflonk/j4,1,28083855,27990393,93462,0.003339,0.005690131097304986,PASS,28083855,0,0.0,0.000138,True,True,True
c1_ff_k01/fflonk/j5,1,28083855,27990393,93462,0.003339,0.005690131097304986,PASS,28083855,0,0.0,0.000138,True,True,True
c1_ff_k01/fflonk/j6,1,28083855,27990393,93462,0.003339,0.005690131097304986,PASS,28083855,0,0.0,0.000138,True,True,True
c1_ff_k01/fflonk/j7,1,28083855,27990393,93462,0.003339,0.005690131097304986,PASS,28083855,0,0.0,0.000138,True,True,True
c1_ff_k04/fflonk/j0,4,28201399,28095995,105404,0.003752,0.005690131097304986,PASS,28201399,0,0.0,0.000138,True,True,True
c1_ff_k04/fflonk/j1,4,28201399,28095995,105404,0.003752,0.005690131097304986,PASS,28201399,0,0.0,0.000138,True,True,True
c1_ff_k04/fflonk/j2,4,28201399,28095995,105404,0.003752,0.005690131097304986,PASS,28201399,0,0.0,0.000138,True,True,True
c1_ff_k04/fflonk/j3,4,28201399,28095995,105404,0.003752,0.005690131097304986,PASS,28201399,0,0.0,0.000138,True,True,True
c1_ff_k04/fflonk/j4,4,28201399,28095995,105404,0.003752,0.005690131097304986,PASS,28201399,0,0.0,0.000138,True,True,True
c1_ff_k04/fflonk/j5,4,28201399,28095995,105404,0.003752,0.005690131097304986,PASS,28201399,0,0.0,0.000138,True,True,True
c1_ff_k04/fflonk/j6,4,28201399,28095995,105404,0.003752,0.005690131097304986,PASS,28201399,0,0.0,0.000138,True,True,True
c1_ff_k04/fflonk/j7,4,28201399,28095995,105404,0.003752,0.005690131097304986,PASS,28201399,0,0.0,0.000138,True,True,True
c1_ff_k16/fflonk/j0,16,28660990,28509693,151297,0.005307,0.005690131097304986,PASS,28660990,0,0.0,0.000138,True,True,True
c1_ff_k16/fflonk/j1,16,28660990,28509693,151297,0.005307,0.005690131097304986,PASS,28660990,0,0.0,0.000138,True,True,True
c1_ff_k16/fflonk/j2,16,28660990,28509693,151297,0.005307,0.005690131097304986,PASS,28660990,0,0.0,0.000138,True,True,True
c1_ff_k16/fflonk/j3,16,28660990,28509693,151297,0.005307,0.005690131097304986,PASS,28660990,0,0.0,0.000138,True,True,True
c1_ff_k16/fflonk/j4,16,28660990,28509693,151297,0.005307,0.005690131097304986,PASS,28660990,0,0.0,0.000138,True,True,True
c1_ff_k16/fflonk/j5,16,28660990,28509693,151297,0.005307,0.005690131097304986,PASS,28660990,0,0.0,0.000138,True,True,True
c1_ff_k16/fflonk/j6,16,28660990,28509693,151297,0.005307,0.005690131097304986,PASS,28660990,0,0.0,0.000138,True,True,True
c1_ff_k16/fflonk/j7,16,28660990,28509693,151297,0.005307,0.005690131097304986,PASS,28660990,0,0.0,0.000138,True,True,True
c1_ff_k32/fflonk/j0,32,29273898,29061397,212501,0.007312,0.005690131097304986,FAIL,29273898,0,0.0,0.000138,True,True,True
c1_ff_k32/fflonk/j1,32,29273898,29061397,212501,0.007312,0.005690131097304986,FAIL,29273898,0,0.0,0.000138,True,True,True
c1_ff_k32/fflonk/j2,32,29273898,29061397,212501,0.007312,0.005690131097304986,FAIL,29273898,0,0.0,0.000138,True,True,True
c1_ff_k32/fflonk/j3,32,29273898,29061397,212501,0.007312,0.005690131097304986,FAIL,29273898,0,0.0,0.000138,True,True,True
c1_ff_k32/fflonk/j4,32,29273898,29061397,212501,0.007312,0.005690131097304986,FAIL,29273898,0,0.0,0.000138,True,True,True
c1_ff_k32/fflonk/j5,32,29273898,29061397,212501,0.007312,0.005690131097304986,FAIL,29273898,0,0.0,0.000138,True,True,True
c1_ff_k32/fflonk/j6,32,29273898,29061397,212501,0.007312,0.005690131097304986,FAIL,29273898,0,0.0,0.000138,True,True,True
c1_ff_k32/fflonk/j7,32,29273898,29061397,212501,0.007312,0.005690131097304986,FAIL,29273898,0,0.0,0.000138,True,True,True
