env,backend,circuit,k,metric,n,mean,min,max,half_range_rel
eravm-29,groth16,c1_ctx_k02,2,Y_app,8,458326,458326,458326,0.0
eravm-29,groth16,c1_ctx_k02,2,Y_dir,8,451263,451263,451263,0.0
eravm-29,groth16,c1_ctx_k04,4,Y_app,8,472266,472266,472266,0.0
eravm-29,groth16,c1_ctx_k04,4,Y_dir,8,465139,465139,465139,0.0
eravm-29,groth16,c1_ctx_k16,16,Y_app,8,556113,556113,556113,0.0
eravm-29,groth16,c1_ctx_k16,16,Y_dir,8,548632,548632,548632,0.0
eravm-29,groth16,c1_k01,1,Y_app,8,451324,451324,451324,0.0
eravm-29,groth16,c1_k01,1,Y_dir,8,444311,444311,444311,0.0
eravm-29,plonk,c1_ctx_k02,2,Y_app,8,455134.5,453591,457743,0.004561289025551788
eravm-29,plonk,c1_ctx_k02,2,Y_dir,8,447635.5,446092,450244,0.004637701880212807
eravm-29,plonk,c1_ctx_k04,4,Y_app,8,460969.75,459115,462901,0.0041065601376229135
eravm-29,plonk,c1_ctx_k04,4,Y_dir,8,453382.75,451528,455314,0.004175280157879849
eravm-29,plonk,c1_ctx_k16,16,Y_app,8,486672.5,485429,487913,0.0025520242051893212
eravm-29,plonk,c1_ctx_k16,16,Y_dir,8,478713.5,477470,479954,0.002594453676363838
eravm-29,plonk,c1_k01,1,Y_app,8,453344.25,451713,455901,0.004619006417308701
eravm-29,plonk,c1_k01,1,Y_dir,8,445895.25,444264,448452,0.004696170232806921
evm-osaka,groth16,c1_ctx_k02,2,Y_app,8,231114.5,231065,231137,0.00015576694668659907
evm-osaka,groth16,c1_ctx_k02,2,Y_dir,8,221774.5,221725,221797,0.0001623270484208058
evm-osaka,groth16,c1_ctx_k02,2,Ync_app,8,225965,225965,225965,0.0
evm-osaka,groth16,c1_ctx_k02,2,Ync_dir,8,216625,216625,216625,0.0
evm-osaka,groth16,c1_ctx_k04,4,Y_app,8,245497,245479,245515,7.332065157619034e-05
evm-osaka,groth16,c1_ctx_k04,4,Y_dir,8,236104,236086,236122,7.623759021448175e-05
evm-osaka,groth16,c1_ctx_k04,4,Ync_app,8,239355,239355,239355,0.0
evm-osaka,groth16,c1_ctx_k04,4,Ync_dir,8,229962,229962,229962,0.0
evm-osaka,groth16,c1_ctx_k16,16,Y_app,8,331121,331088,331136,7.248105677380777e-05
evm-osaka,groth16,c1_ctx_k16,16,Y_dir,8,321790,321757,321805,7.458280244880201e-05
evm-osaka,groth16,c1_ctx_k16,16,Ync_app,8,318988,318988,318988,0.0
evm-osaka,groth16,c1_ctx_k16,16,Ync_dir,8,309657,309657,309657,0.0
evm-osaka,groth16,c1_k01,1,Y_app,8,223950.5,223910,223970,0.0001339581737928694
evm-osaka,groth16,c1_k01,1,Y_dir,8,214589.5,214549,214609,0.00013980180763737275
evm-osaka,groth16,c1_k01,1,Ync_app,8,219298,219298,219298,0.0
evm-osaka,groth16,c1_k01,1,Ync_dir,8,209937,209937,209937,0.0
evm-osaka,plonk,c1_ctx_k02,2,Y_app,8,301162.75,300073,302825,0.004568958146384305
evm-osaka,plonk,c1_ctx_k02,2,Y_dir,8,292232.75,291143,293895,0.004708575613102912
evm-osaka,plonk,c1_ctx_k02,2,Ync_app,8,287836.25,286781,289485,0.004697115113193699
evm-osaka,plonk,c1_ctx_k02,2,Ync_dir,8,278906.25,277851,280555,0.0048475070028011205
evm-osaka,plonk,c1_ctx_k04,4,Y_app,8,304193.75,302969,305415,0.004020463931293789
evm-osaka,plonk,c1_ctx_k04,4,Y_dir,8,295205.75,293981,296427,0.004142873233329635
evm-osaka,plonk,c1_ctx_k04,4,Ync_app,8,289888.25,288677,291075,0.0041360765743351105
evm-osaka,plonk,c1_ctx_k04,4,Ync_dir,8,280900.25,279689,282087,0.004268419127430467
evm-osaka,plonk,c1_ctx_k16,16,Y_app,8,320898.75,319783,322011,0.003471499966889868
evm-osaka,plonk,c1_ctx_k16,16,Y_dir,8,311794.75,310679,312907,0.0035728632377549654
evm-osaka,plonk,c1_ctx_k16,16,Ync_app,8,300609.75,299455,301743,0.0038055984544746136
evm-osaka,plonk,c1_ctx_k16,16,Ync_dir,8,291505.75,290351,292639,0.003924450889905259
evm-osaka,plonk,c1_k01,1,Y_app,8,300451.25,299096,302314,0.005355278102520792
evm-osaka,plonk,c1_k01,1,Y_dir,8,291452.25,290097,293315,0.005520629880194783
evm-osaka,plonk,c1_k01,1,Ync_app,8,287624.75,286256,289486,0.005614954902177229
evm-osaka,plonk,c1_k01,1,Ync_dir,8,278625.75,277257,280487,0.0057963056178404184
zkos-v32@npg100,groth16,c1_ctx_k02,2,N_dir,8,37399701,37399701,37399701,0.0
zkos-v32@npg100,groth16,c1_ctx_k02,2,Y_app,8,378473,378473,378473,0.0
zkos-v32@npg100,groth16,c1_ctx_k02,2,Y_dir,8,373997,373997,373997,0.0
zkos-v32@npg100,groth16,c1_ctx_k04,4,N_dir,8,39185303,39185303,39185303,0.0
zkos-v32@npg100,groth16,c1_ctx_k04,4,Y_app,8,396339,396339,396339,0.0
zkos-v32@npg100,groth16,c1_ctx_k04,4,Y_dir,8,391853,391853,391853,0.0
zkos-v32@npg100,groth16,c1_ctx_k16,16,N_dir,8,49890945,49890945,49890945,0.0
zkos-v32@npg100,groth16,c1_ctx_k16,16,Y_app,8,503381,503381,503381,0.0
zkos-v32@npg100,groth16,c1_ctx_k16,16,Y_dir,8,498909,498909,498909,0.0
zkos-v32@npg100,groth16,c1_k01,1,N_dir,8,36506865,36506865,36506865,0.0
zkos-v32@npg100,groth16,c1_k01,1,Y_app,8,369549,369549,369549,0.0
zkos-v32@npg100,groth16,c1_k01,1,Y_dir,8,365068,365068,365068,0.0
zkos-v32@npg100,plonk,c1_ctx_k02,2,N_dir,8,38689487.75,38661737,38732873,0.0009193194862084986
zkos-v32@npg100,plonk,c1_ctx_k02,2,Y_app,8,391261.75,390984,391696,0.000909876827980246
zkos-v32@npg100,plonk,c1_ctx_k02,2,Y_dir,8,386894.25,386617,387328,0.0009188557338342454
zkos-v32@npg100,plonk,c1_ctx_k04,4,N_dir,8,38779623.75,38747769,38810827,0.000813030064532279
zkos-v32@npg100,plonk,c1_ctx_k04,4,Y_app,8,392174.125,391856,392486,0.0008032146434954116
zkos-v32@npg100,plonk,c1_ctx_k04,4,Y_dir,8,387795.875,387477,388108,0.0008135723465341142
zkos-v32@npg100,plonk,c1_ctx_k16,16,N_dir,8,39260908.25,39230519,39290711,0.00076656402873716
zkos-v32@npg100,plonk,c1_ctx_k16,16,Y_app,8,397006.75,396703,397305,0.0007581735071255086
zkos-v32@npg100,plonk,c1_ctx_k16,16,Y_dir,8,392608.75,392305,392907,0.0007666665605389589
zkos-v32@npg100,plonk,c1_k01,1,N_dir,8,38666956.25,38630965,38715911,0.0010984314287732437
zkos-v32@npg100,plonk,c1_k01,1,Y_app,8,391050.5,390691,391540,0.001085537545662261
zkos-v32@npg100,plonk,c1_k01,1,Y_dir,8,386669.125,386309,387159,0.0010991309430252545
zkos-v32@npg126,groth16,c1_k01,1,N_dir,8,36506865,36506865,36506865,0.0
zkos-v32@npg126,groth16,c1_k01,1,Y_app,8,293293,293293,293293,0.0
zkos-v32@npg126,groth16,c1_k01,1,Y_dir,8,289737,289737,289737,0.0
zkos-v32@npg126,plonk,c1_k01,1,N_dir,8,38666956.25,38630965,38715911,0.0010984314287732437
zkos-v32@npg126,plonk,c1_k01,1,Y_app,8,310357.5,310072,310746,0.001085844550236421
zkos-v32@npg126,plonk,c1_k01,1,Y_dir,8,306880,306594,307269,0.0010997784150156413
zkos-v32@npg139,groth16,c1_k01,1,N_dir,8,36506865,36506865,36506865,0.0
zkos-v32@npg139,groth16,c1_k01,1,Y_app,8,265862,265862,265862,0.0
zkos-v32@npg139,groth16,c1_k01,1,Y_dir,8,262639,262639,262639,0.0
zkos-v32@npg139,plonk,c1_k01,1,N_dir,8,38666956.25,38630965,38715911,0.0010984314287732437
zkos-v32@npg139,plonk,c1_k01,1,Y_app,8,300451.25,299096,302314,0.005355278102520792
zkos-v32@npg139,plonk,c1_k01,1,Y_dir,8,291452.25,290097,293315,0.005520629880194783
zkos-v32@npg151,groth16,c1_k01,1,N_dir,8,36506865,36506865,36506865,0.0
zkos-v32@npg151,groth16,c1_k01,1,Y_app,8,244734,244734,244734,0.0
zkos-v32@npg151,groth16,c1_k01,1,Y_dir,8,241767,241767,241767,0.0
zkos-v32@npg151,plonk,c1_k01,1,N_dir,8,38666956.25,38630965,38715911,0.0010984314287732437
zkos-v32@npg151,plonk,c1_k01,1,Y_app,8,300451.25,299096,302314,0.005355278102520792
zkos-v32@npg151,plonk,c1_k01,1,Y_dir,8,291452.25,290097,293315,0.005520629880194783
zkos-v32@npg169,groth16,c1_k01,1,N_dir,8,36506865,36506865,36506865,0.0
zkos-v32@npg169,groth16,c1_k01,1,Y_app,8,223950.5,223910,223970,0.0001339581737928694
zkos-v32@npg169,groth16,c1_k01,1,Y_dir,8,216016,216016,216016,0.0
zkos-v32@npg169,plonk,c1_k01,1,N_dir,8,38666956.25,38630965,38715911,0.0010984314287732437
zkos-v32@npg169,plonk,c1_k01,1,Y_app,8,300451.25,299096,302314,0.005355278102520792
zkos-v32@npg169,plonk,c1_k01,1,Y_dir,8,291452.25,290097,293315,0.005520629880194783
zkos-v32@npg171,groth16,c1_k01,1,N_dir,8,36506865,36506865,36506865,0.0
zkos-v32@npg171,groth16,c1_k01,1,Y_app,8,223950.5,223910,223970,0.0001339581737928694
zkos-v32@npg171,groth16,c1_k01,1,Y_dir,8,214589.5,214549,214609,0.00013980180763737275
zkos-v32@npg171,plonk,c1_k01,1,N_dir,8,38666956.25,38630965,38715911,0.0010984314287732437
zkos-v32@npg171,plonk,c1_k01,1,Y_app,8,300451.25,299096,302314,0.005355278102520792
zkos-v32@npg171,plonk,c1_k01,1,Y_dir,8,291452.25,290097,293315,0.005520629880194783
zkos-v32@npg300,groth16,c1_k01,1,N_dir,8,36506865,36506865,36506865,0.0
zkos-v32@npg300,groth16,c1_k01,1,Y_app,8,223950.5,223910,223970,0.0001339581737928694
zkos-v32@npg300,groth16,c1_k01,1,Y_dir,8,214589.5,214549,214609,0.00013980180763737275
zkos-v32@npg300,plonk,c1_k01,1,N_dir,8,38666956.25,38630965,38715911,0.0010984314287732437
zkos-v32@npg300,plonk,c1_k01,1,Y_app,8,300451.25,299096,302314,0.005355278102520792
zkos-v32@npg300,plonk,c1_k01,1,Y_dir,8,291452.25,290097,293315,0.005520629880194783
