proof,backend,k,relation,pred,measured,err_rel,tau_cond,status,unknown_ops
c1_ctx_k02/plonk/j0,plonk,2,ctx,38658425,38661737,8.6e-05,0.004521107838595946,PASS,
c1_ctx_k02/plonk/j1,plonk,2,ctx,38696729,38700041,8.6e-05,0.004521107838595946,PASS,
c1_ctx_k02/plonk/j2,plonk,2,ctx,38666763,38670075,8.6e-05,0.004521107838595946,PASS,
c1_ctx_k02/plonk/j3,plonk,2,ctx,38705067,38708379,8.6e-05,0.004521107838595946,PASS,
c1_ctx_k02/plonk/j4,plonk,2,ctx,38685785,38689097,8.6e-05,0.004521107838595946,PASS,
c1_ctx_k02/plonk/j5,plonk,2,ctx,38729561,38732873,8.6e-05,0.004521107838595946,PASS,
c1_ctx_k02/plonk/j6,plonk,2,ctx,38674841,38678153,8.6e-05,0.004521107838595946,PASS,
c1_ctx_k02/plonk/j7,plonk,2,ctx,38672235,38675547,8.6e-05,0.004521107838595946,PASS,
c1_ctx_k02/groth16/j0,groth16,2,ctx,37400759,37399701,-2.8e-05,0.00013804726549520883,PASS,
c1_ctx_k02/groth16/j1,groth16,2,ctx,37400759,37399701,-2.8e-05,0.00013804726549520883,PASS,
c1_ctx_k02/groth16/j2,groth16,2,ctx,37400759,37399701,-2.8e-05,0.00013804726549520883,PASS,
c1_ctx_k02/groth16/j3,groth16,2,ctx,37400759,37399701,-2.8e-05,0.00013804726549520883,PASS,
c1_ctx_k02/groth16/j4,groth16,2,ctx,37400759,37399701,-2.8e-05,0.00013804726549520883,PASS,
c1_ctx_k02/groth16/j5,groth16,2,ctx,37400759,37399701,-2.8e-05,0.00013804726549520883,PASS,
c1_ctx_k02/groth16/j6,groth16,2,ctx,37400759,37399701,-2.8e-05,0.00013804726549520883,PASS,
c1_ctx_k02/groth16/j7,groth16,2,ctx,37400759,37399701,-2.8e-05,0.00013804726549520883,PASS,
c1_ctx_k04/plonk/j0,plonk,4,ctx,38784405,38794411,0.000258,0.004521107838595946,PASS,
c1_ctx_k04/plonk/j1,plonk,4,ctx,38770595,38780601,0.000258,0.004521107838595946,PASS,
c1_ctx_k04/plonk/j2,plonk,4,ctx,38765123,38775129,0.000258,0.004521107838595946,PASS,
c1_ctx_k04/plonk/j3,plonk,4,ctx,38737763,38747769,0.000258,0.004521107838595946,PASS,
c1_ctx_k04/plonk/j4,plonk,4,ctx,38776067,38786073,0.000258,0.004521107838595946,PASS,
c1_ctx_k04/plonk/j5,plonk,4,ctx,38743235,38753241,0.000258,0.004521107838595946,PASS,
c1_ctx_k04/plonk/j6,plonk,4,ctx,38778933,38788939,0.000258,0.004521107838595946,PASS,
c1_ctx_k04/plonk/j7,plonk,4,ctx,38800821,38810827,0.000258,0.004521107838595946,PASS,
c1_ctx_k16/groth16/j0,groth16,16,ctx,49903408,49890945,-0.00025,0.00013804726549520883,FAIL,
c1_ctx_k16/groth16/j1,groth16,16,ctx,49903408,49890945,-0.00025,0.00013804726549520883,FAIL,
c1_ctx_k16/groth16/j2,groth16,16,ctx,49903408,49890945,-0.00025,0.00013804726549520883,FAIL,
c1_ctx_k16/groth16/j3,groth16,16,ctx,49903408,49890945,-0.00025,0.00013804726549520883,FAIL,
c1_ctx_k16/groth16/j4,groth16,16,ctx,49903408,49890945,-0.00025,0.00013804726549520883,FAIL,
c1_ctx_k16/groth16/j5,groth16,16,ctx,49903408,49890945,-0.00025,0.00013804726549520883,FAIL,
c1_ctx_k16/groth16/j6,groth16,16,ctx,49903408,49890945,-0.00025,0.00013804726549520883,FAIL,
c1_ctx_k16/groth16/j7,groth16,16,ctx,49903408,49890945,-0.00025,0.00013804726549520883,FAIL,
c1_ctx_k04/groth16/j0,groth16,4,ctx,39187796,39185303,-6.4e-05,0.00013804726549520883,PASS,
c1_ctx_k04/groth16/j1,groth16,4,ctx,39187796,39185303,-6.4e-05,0.00013804726549520883,PASS,
c1_ctx_k04/groth16/j2,groth16,4,ctx,39187796,39185303,-6.4e-05,0.00013804726549520883,PASS,
c1_ctx_k04/groth16/j3,groth16,4,ctx,39187796,39185303,-6.4e-05,0.00013804726549520883,PASS,
c1_ctx_k04/groth16/j4,groth16,4,ctx,39187796,39185303,-6.4e-05,0.00013804726549520883,PASS,
c1_ctx_k04/groth16/j5,groth16,4,ctx,39187796,39185303,-6.4e-05,0.00013804726549520883,PASS,
c1_ctx_k04/groth16/j6,groth16,4,ctx,39187796,39185303,-6.4e-05,0.00013804726549520883,PASS,
c1_ctx_k04/groth16/j7,groth16,4,ctx,39187796,39185303,-6.4e-05,0.00013804726549520883,PASS,
c1_ctx_k16/plonk/j0,plonk,16,ctx,39216691,39265957,0.001256,0.004521107838595946,PASS,
c1_ctx_k16/plonk/j1,plonk,16,ctx,39192197,39241463,0.001257,0.004521107838595946,PASS,
c1_ctx_k16/plonk/j2,plonk,16,ctx,39200275,39249541,0.001257,0.004521107838595946,PASS,
c1_ctx_k16/plonk/j3,plonk,16,ctx,39222163,39271429,0.001256,0.004521107838595946,PASS,
c1_ctx_k16/plonk/j4,plonk,16,ctx,39219557,39268823,0.001256,0.004521107838595946,PASS,
c1_ctx_k16/plonk/j5,plonk,16,ctx,39219557,39268823,0.001256,0.004521107838595946,PASS,
c1_ctx_k16/plonk/j6,plonk,16,ctx,39181253,39230519,0.001257,0.004521107838595946,PASS,
c1_ctx_k16/plonk/j7,plonk,16,ctx,39241445,39290711,0.001255,0.004521107838595946,PASS,
