k,npg,backend,measured_gas,measured_meter,predicted_meter,meter_verdict,gas_in_interval
4,100,groth16,391852,NATIVE,NATIVE,PASS,True
4,100,groth16,391853,NATIVE,NATIVE,PASS,True
16,100,groth16,498909,NATIVE,NATIVE,PASS,False
4,100,groth16,391852,NATIVE,NATIVE,PASS,True
1,100,groth16,365068,NATIVE,NATIVE,PASS,True
4,100,plonk,387737.62,NATIVE,NATIVE,PASS,True
4,100,plonk,387795.88,NATIVE,NATIVE,PASS,True
16,100,plonk,392608.75,NATIVE,NATIVE,PASS,True
4,100,plonk,387761.88,NATIVE,NATIVE,PASS,True
1,100,plonk,386669.12,NATIVE,NATIVE,PASS,True
16,120,groth16,415757,NATIVE,NATIVE,PASS,False
16,120,plonk,327173.75,NATIVE,NATIVE,PASS,True
4,125,groth16,313482,NATIVE,NATIVE,PASS,True
4,125,plonk,310236.5,NATIVE,NATIVE,PASS,True
1,126,groth16,289737,NATIVE,NATIVE,PASS,True
1,126,plonk,306880,NATIVE,NATIVE,PASS,True
16,132,groth16,377961,NATIVE,NATIVE,PASS,False
16,132,plonk,311794.75,EVM_GAS,EVM_GAS,PASS,True
4,138,groth16,283951,NATIVE,NATIVE,PASS,True
4,138,plonk,295205.75,EVM_GAS,EVM_GAS,PASS,True
1,139,groth16,262639,NATIVE,NATIVE,PASS,True
1,139,plonk,291452.25,EVM_GAS,EVM_GAS,PASS,True
16,141,groth16,353836,NATIVE,NATIVE,PASS,False
16,141,plonk,311794.75,EVM_GAS,EVM_GAS,PASS,True
4,149,groth16,262988,NATIVE,NATIVE,PASS,True
4,149,plonk,295205.75,EVM_GAS,EVM_GAS,PASS,True
1,151,groth16,241767,NATIVE,NATIVE,PASS,True
1,151,plonk,291452.25,EVM_GAS,EVM_GAS,PASS,True
16,154,groth16,323967,NATIVE,NATIVE,PASS,False
16,154,plonk,311794.75,EVM_GAS,EVM_GAS,PASS,True
16,156,groth16,321790,EVM_GAS,EVM_GAS,PASS,True
16,156,plonk,311794.75,EVM_GAS,EVM_GAS,PASS,True
4,165,groth16,237486,NATIVE,NATIVE,PASS,True
4,165,plonk,295205.75,EVM_GAS,EVM_GAS,PASS,True
4,167,groth16,236104,EVM_GAS,EVM_GAS,PASS,True
4,167,plonk,295205.75,EVM_GAS,EVM_GAS,PASS,True
1,169,groth16,216016,NATIVE,NATIVE,PASS,True
1,169,plonk,291452.25,EVM_GAS,EVM_GAS,PASS,True
1,171,groth16,214589.5,EVM_GAS,EVM_GAS,PASS,True
1,171,plonk,291452.25,EVM_GAS,EVM_GAS,PASS,True
4,300,groth16,236104,EVM_GAS,EVM_GAS,PASS,True
16,300,groth16,321790,EVM_GAS,EVM_GAS,PASS,True
1,300,groth16,214589.5,EVM_GAS,EVM_GAS,PASS,True
4,300,plonk,295205.75,EVM_GAS,EVM_GAS,PASS,True
16,300,plonk,311794.75,EVM_GAS,EVM_GAS,PASS,True
1,300,plonk,291452.25,EVM_GAS,EVM_GAS,PASS,True
