campaign_id,session_id,profile_id,container_id,diag_round,round_attempt,seed,backend,depth,pair_order,call,call_position,started_at_utc,zkey_readfile_ms,prove_ms,zkey_bytes,zkey_sha256,proof_valid,root_matches,heap_used_mb,rss_mb,image_id,manifest_sha256,status,error
campaign-20260925T060607Z,S20260925T060607Z,cpu2,e59d03fb634d,1,1,101,groth16,5,mem_first,mem,1,2026-09-25T07:11:36.715Z,0.721,238.242,1133343,41c7636150900ee72cf6323930dd506bd0fc015a94a20905cc61c856b4fe919a,1,1,17.598,196,sha256:50c5f26d2c05b460aa702d89700b74f817ea4adce9d64a5abacaae7a9bb671c8,9a7829fe2584259f1dd0dc45cf73c5ce904fce7e61e964fb7958826f156b43be,ok,
campaign-20260925T060607Z,S20260925T060607Z,cpu2,e59d03fb634d,1,1,101,groth16,5,mem_first,path,2,2026-09-25T07:11:36.989Z,,245.352,1133343,41c7636150900ee72cf6323930dd506bd0fc015a94a20905cc61c856b4fe919a,1,1,17.974,204.715,sha256:50c5f26d2c05b460aa702d89700b74f817ea4adce9d64a5abacaae7a9bb671c8,9a7829fe2584259f1dd0dc45cf73c5ce904fce7e61e964fb7958826f156b43be,ok,
campaign-20260925T060607Z,S20260925T060607Z,cpu2,e59d03fb634d,1,1,101,plonk,10,path_first,path,1,2026-09-25T07:11:37.284Z,,12263.603,51742588,bebeabf9a0c71095a0054d8bd4225201a55744b4b0560ef0825703d4931d0ced,1,1,17.401,377.301,sha256:50c5f26d2c05b460aa702d89700b74f817ea4adce9d64a5abacaae7a9bb671c8,9a7829fe2584259f1dd0dc45cf73c5ce904fce7e61e964fb7958826f156b43be,ok,
campaign-20260925T060607Z,S20260925T060607Z,cpu2,e59d03fb634d,1,1,101,plonk,10,path_first,mem,2,2026-09-25T07:11:49.560Z,20.997,12123.755,51742588,bebeabf9a0c71095a0054d8bd4225201a55744b4b0560ef0825703d4931d0ced,1,1,17.564,391.059,sha256:50c5f26d2c05b460aa702d89700b74f817ea4adce9d64a5abacaae7a9bb671c8,9a7829fe2584259f1dd0dc45cf73c5ce904fce7e61e964fb7958826f156b43be,ok,
campaign-20260925T060607Z,S20260925T060607Z,cpu2,e59d03fb634d,1,1,101,groth16,15,mem_first,mem,1,2026-09-25T07:12:01.883Z,2.083,449.357,2468935,d6be53096894f276c29d0702fcead9cafd5a510db26c6b563aa91a72f3a7c974,1,1,18.601,299.449,sha256:50c5f26d2c05b460aa702d89700b74f817ea4adce9d64a5abacaae7a9bb671c8,9a7829fe2584259f1dd0dc45cf73c5ce904fce7e61e964fb7958826f156b43be,ok,
campaign-20260925T060607Z,S20260925T060607Z,cpu2,e59d03fb634d,1,1,101,groth16,15,mem_first,path,2,2026-09-25T07:12:02.359Z,,468.44,2468935,d6be53096894f276c29d0702fcead9cafd5a510db26c6b563aa91a72f3a7c974,1,1,17.408,299.285,sha256:50c5f26d2c05b460aa702d89700b74f817ea4adce9d64a5abacaae7a9bb671c8,9a7829fe2584259f1dd0dc45cf73c5ce904fce7e61e964fb7958826f156b43be,ok,
campaign-20260925T060607Z,S20260925T060607Z,cpu2,e59d03fb634d,1,1,101,plonk,15,mem_first,mem,1,2026-09-25T07:12:03.002Z,38.106,23520.191,101977680,590ecdca303cbdece71bd9566d50ed9ad6168b343d2955edb57da417b966d08b,1,1,17.425,563.297,sha256:50c5f26d2c05b460aa702d89700b74f817ea4adce9d64a5abacaae7a9bb671c8,9a7829fe2584259f1dd0dc45cf73c5ce904fce7e61e964fb7958826f156b43be,ok,
campaign-20260925T060607Z,S20260925T060607Z,cpu2,e59d03fb634d,1,1,101,plonk,15,mem_first,path,2,2026-09-25T07:12:26.584Z,,23543.27,101977680,590ecdca303cbdece71bd9566d50ed9ad6168b343d2955edb57da417b966d08b,1,1,16.73,413.18,sha256:50c5f26d2c05b460aa702d89700b74f817ea4adce9d64a5abacaae7a9bb671c8,9a7829fe2584259f1dd0dc45cf73c5ce904fce7e61e964fb7958826f156b43be,ok,
campaign-20260925T060607Z,S20260925T060607Z,cpu2,e59d03fb634d,1,1,101,plonk,5,path_first,path,1,2026-09-25T07:12:50.175Z,,12124.98,50790568,8b7d89ef154d0704a4a5fb8df978ea728f0decad61374b1d3a80a026ad357fec,1,1,16.751,414.098,sha256:50c5f26d2c05b460aa702d89700b74f817ea4adce9d64a5abacaae7a9bb671c8,9a7829fe2584259f1dd0dc45cf73c5ce904fce7e61e964fb7958826f156b43be,ok,
campaign-20260925T060607Z,S20260925T060607Z,cpu2,e59d03fb634d,1,1,101,plonk,5,path_first,mem,2,2026-09-25T07:13:02.320Z,22.022,12022.521,50790568,8b7d89ef154d0704a4a5fb8df978ea728f0decad61374b1d3a80a026ad357fec,1,1,17.654,414.668,sha256:50c5f26d2c05b460aa702d89700b74f817ea4adce9d64a5abacaae7a9bb671c8,9a7829fe2584259f1dd0dc45cf73c5ce904fce7e61e964fb7958826f156b43be,ok,
campaign-20260925T060607Z,S20260925T060607Z,cpu2,e59d03fb634d,1,1,101,groth16,7,path_first,path,1,2026-09-25T07:13:14.416Z,,322.577,1374247,c0f6d8c4ac9fa282780a2c229d7d086f87e26be62a3eefceb9f801e5076843aa,1,1,17.255,387.504,sha256:50c5f26d2c05b460aa702d89700b74f817ea4adce9d64a5abacaae7a9bb671c8,9a7829fe2584259f1dd0dc45cf73c5ce904fce7e61e964fb7958826f156b43be,ok,
campaign-20260925T060607Z,S20260925T060607Z,cpu2,e59d03fb634d,1,1,101,groth16,7,path_first,mem,2,2026-09-25T07:13:14.756Z,1.939,316.039,1374247,c0f6d8c4ac9fa282780a2c229d7d086f87e26be62a3eefceb9f801e5076843aa,1,1,17.202,351.891,sha256:50c5f26d2c05b460aa702d89700b74f817ea4adce9d64a5abacaae7a9bb671c8,9a7829fe2584259f1dd0dc45cf73c5ce904fce7e61e964fb7958826f156b43be,ok,
campaign-20260925T060607Z,S20260925T060607Z,cpu2,e59d03fb634d,1,1,101,plonk,11,mem_first,mem,1,2026-09-25T07:13:15.130Z,41.575,23556.842,101216064,55b85a8c273635d0f8f2cdda0e7ce81b35231792d5212b770681d612dbf1c56a,1,1,17.68,556.43,sha256:50c5f26d2c05b460aa702d89700b74f817ea4adce9d64a5abacaae7a9bb671c8,9a7829fe2584259f1dd0dc45cf73c5ce904fce7e61e964fb7958826f156b43be,ok,
campaign-20260925T060607Z,S20260925T060607Z,cpu2,e59d03fb634d,1,1,101,plonk,11,mem_first,path,2,2026-09-25T07:13:38.749Z,,23240.774,101216064,55b85a8c273635d0f8f2cdda0e7ce81b35231792d5212b770681d612dbf1c56a,1,1,17.566,515.633,sha256:50c5f26d2c05b460aa702d89700b74f817ea4adce9d64a5abacaae7a9bb671c8,9a7829fe2584259f1dd0dc45cf73c5ce904fce7e61e964fb7958826f156b43be,ok,
campaign-20260925T060607Z,S20260925T060607Z,cpu2,e59d03fb634d,1,1,101,groth16,8,path_first,path,1,2026-09-25T07:14:02.046Z,,338.76,1625771,5ed3b83d5f5aad4ca7fa25c79bc0fa86d421d2202a7e7054079f14b9e1c2f4cd,1,1,17.61,394.109,sha256:50c5f26d2c05b460aa702d89700b74f817ea4adce9d64a5abacaae7a9bb671c8,9a7829fe2584259f1dd0dc45cf73c5ce904fce7e61e964fb7958826f156b43be,ok,
campaign-20260925T060607Z,S20260925T060607Z,cpu2,e59d03fb634d,1,1,101,groth16,8,path_first,mem,2,2026-09-25T07:14:02.400Z,0.86,331.833,1625771,5ed3b83d5f5aad4ca7fa25c79bc0fa86d421d2202a7e7054079f14b9e1c2f4cd,1,1,17.784,393.863,sha256:50c5f26d2c05b460aa702d89700b74f817ea4adce9d64a5abacaae7a9bb671c8,9a7829fe2584259f1dd0dc45cf73c5ce904fce7e61e964fb7958826f156b43be,ok,
campaign-20260925T060607Z,S20260925T060607Z,cpu2,240a88eb1b7b,2,1,102,groth16,7,mem_first,mem,1,2026-09-25T07:22:52.503Z,0.805,321.061,1374247,c0f6d8c4ac9fa282780a2c229d7d086f87e26be62a3eefceb9f801e5076843aa,1,1,18.365,210.07,sha256:50c5f26d2c05b460aa702d89700b74f817ea4adce9d64a5abacaae7a9bb671c8,9a7829fe2584259f1dd0dc45cf73c5ce904fce7e61e964fb7958826f156b43be,ok,
campaign-20260925T060607Z,S20260925T060607Z,cpu2,240a88eb1b7b,2,1,102,groth16,7,mem_first,path,2,2026-09-25T07:22:52.857Z,,286.121,1374247,c0f6d8c4ac9fa282780a2c229d7d086f87e26be62a3eefceb9f801e5076843aa,1,1,18.579,211.352,sha256:50c5f26d2c05b460aa702d89700b74f817ea4adce9d64a5abacaae7a9bb671c8,9a7829fe2584259f1dd0dc45cf73c5ce904fce7e61e964fb7958826f156b43be,ok,
campaign-20260925T060607Z,S20260925T060607Z,cpu2,240a88eb1b7b,2,1,102,groth16,8,path_first,path,1,2026-09-25T07:22:53.186Z,,353.87,1625771,5ed3b83d5f5aad4ca7fa25c79bc0fa86d421d2202a7e7054079f14b9e1c2f4cd,1,1,18.343,213.309,sha256:50c5f26d2c05b460aa702d89700b74f817ea4adce9d64a5abacaae7a9bb671c8,9a7829fe2584259f1dd0dc45cf73c5ce904fce7e61e964fb7958826f156b43be,ok,
campaign-20260925T060607Z,S20260925T060607Z,cpu2,240a88eb1b7b,2,1,102,groth16,8,path_first,mem,2,2026-09-25T07:22:53.556Z,1.866,336.25,1625771,5ed3b83d5f5aad4ca7fa25c79bc0fa86d421d2202a7e7054079f14b9e1c2f4cd,1,1,18.601,213.309,sha256:50c5f26d2c05b460aa702d89700b74f817ea4adce9d64a5abacaae7a9bb671c8,9a7829fe2584259f1dd0dc45cf73c5ce904fce7e61e964fb7958826f156b43be,ok,
campaign-20260925T060607Z,S20260925T060607Z,cpu2,240a88eb1b7b,2,1,102,plonk,10,path_first,path,1,2026-09-25T07:22:53.948Z,,11956.192,51742588,bebeabf9a0c71095a0054d8bd4225201a55744b4b0560ef0825703d4931d0ced,1,1,18.106,387.387,sha256:50c5f26d2c05b460aa702d89700b74f817ea4adce9d64a5abacaae7a9bb671c8,9a7829fe2584259f1dd0dc45cf73c5ce904fce7e61e964fb7958826f156b43be,ok,
campaign-20260925T060607Z,S20260925T060607Z,cpu2,240a88eb1b7b,2,1,102,plonk,10,path_first,mem,2,2026-09-25T07:23:05.922Z,21.176,11844.376,51742588,bebeabf9a0c71095a0054d8bd4225201a55744b4b0560ef0825703d4931d0ced,1,1,18.102,397.344,sha256:50c5f26d2c05b460aa702d89700b74f817ea4adce9d64a5abacaae7a9bb671c8,9a7829fe2584259f1dd0dc45cf73c5ce904fce7e61e964fb7958826f156b43be,ok,
campaign-20260925T060607Z,S20260925T060607Z,cpu2,240a88eb1b7b,2,1,102,plonk,5,path_first,path,1,2026-09-25T07:23:17.846Z,,11939.935,50790568,8b7d89ef154d0704a4a5fb8df978ea728f0decad61374b1d3a80a026ad357fec,1,1,18.132,387.586,sha256:50c5f26d2c05b460aa702d89700b74f817ea4adce9d64a5abacaae7a9bb671c8,9a7829fe2584259f1dd0dc45cf73c5ce904fce7e61e964fb7958826f156b43be,ok,
campaign-20260925T060607Z,S20260925T060607Z,cpu2,240a88eb1b7b,2,1,102,plonk,5,path_first,mem,2,2026-09-25T07:23:29.802Z,20.653,11871.296,50790568,8b7d89ef154d0704a4a5fb8df978ea728f0decad61374b1d3a80a026ad357fec,1,1,18.116,399.348,sha256:50c5f26d2c05b460aa702d89700b74f817ea4adce9d64a5abacaae7a9bb671c8,9a7829fe2584259f1dd0dc45cf73c5ce904fce7e61e964fb7958826f156b43be,ok,
campaign-20260925T060607Z,S20260925T060607Z,cpu2,240a88eb1b7b,2,1,102,plonk,11,mem_first,mem,1,2026-09-25T07:23:41.753Z,39.823,23140.916,101216064,55b85a8c273635d0f8f2cdda0e7ce81b35231792d5212b770681d612dbf1c56a,1,1,18.135,558.773,sha256:50c5f26d2c05b460aa702d89700b74f817ea4adce9d64a5abacaae7a9bb671c8,9a7829fe2584259f1dd0dc45cf73c5ce904fce7e61e964fb7958826f156b43be,ok,
campaign-20260925T060607Z,S20260925T060607Z,cpu2,240a88eb1b7b,2,1,102,plonk,11,mem_first,path,2,2026-09-25T07:24:04.954Z,,23056.511,101216064,55b85a8c273635d0f8f2cdda0e7ce81b35231792d5212b770681d612dbf1c56a,1,1,17.468,515.188,sha256:50c5f26d2c05b460aa702d89700b74f817ea4adce9d64a5abacaae7a9bb671c8,9a7829fe2584259f1dd0dc45cf73c5ce904fce7e61e964fb7958826f156b43be,ok,
campaign-20260925T060607Z,S20260925T060607Z,cpu2,240a88eb1b7b,2,1,102,plonk,15,mem_first,mem,1,2026-09-25T07:24:28.196Z,38.912,23121.743,101977680,590ecdca303cbdece71bd9566d50ed9ad6168b343d2955edb57da417b966d08b,1,1,17.49,579.16,sha256:50c5f26d2c05b460aa702d89700b74f817ea4adce9d64a5abacaae7a9bb671c8,9a7829fe2584259f1dd0dc45cf73c5ce904fce7e61e964fb7958826f156b43be,ok,
campaign-20260925T060607Z,S20260925T060607Z,cpu2,240a88eb1b7b,2,1,102,plonk,15,mem_first,path,2,2026-09-25T07:24:51.380Z,,23049.568,101977680,590ecdca303cbdece71bd9566d50ed9ad6168b343d2955edb57da417b966d08b,1,1,17.511,340.98,sha256:50c5f26d2c05b460aa702d89700b74f817ea4adce9d64a5abacaae7a9bb671c8,9a7829fe2584259f1dd0dc45cf73c5ce904fce7e61e964fb7958826f156b43be,ok,
campaign-20260925T060607Z,S20260925T060607Z,cpu2,240a88eb1b7b,2,1,102,groth16,15,mem_first,mem,1,2026-09-25T07:25:14.611Z,1.997,450.48,2468935,d6be53096894f276c29d0702fcead9cafd5a510db26c6b563aa91a72f3a7c974,1,1,17.936,342.281,sha256:50c5f26d2c05b460aa702d89700b74f817ea4adce9d64a5abacaae7a9bb671c8,9a7829fe2584259f1dd0dc45cf73c5ce904fce7e61e964fb7958826f156b43be,ok,
campaign-20260925T060607Z,S20260925T060607Z,cpu2,240a88eb1b7b,2,1,102,groth16,15,mem_first,path,2,2026-09-25T07:25:15.085Z,,458.513,2468935,d6be53096894f276c29d0702fcead9cafd5a510db26c6b563aa91a72f3a7c974,1,1,18.347,342.906,sha256:50c5f26d2c05b460aa702d89700b74f817ea4adce9d64a5abacaae7a9bb671c8,9a7829fe2584259f1dd0dc45cf73c5ce904fce7e61e964fb7958826f156b43be,ok,
campaign-20260925T060607Z,S20260925T060607Z,cpu2,240a88eb1b7b,2,1,102,groth16,5,path_first,path,1,2026-09-25T07:25:15.595Z,,245.232,1133343,41c7636150900ee72cf6323930dd506bd0fc015a94a20905cc61c856b4fe919a,1,1,18.286,316.664,sha256:50c5f26d2c05b460aa702d89700b74f817ea4adce9d64a5abacaae7a9bb671c8,9a7829fe2584259f1dd0dc45cf73c5ce904fce7e61e964fb7958826f156b43be,ok,
campaign-20260925T060607Z,S20260925T060607Z,cpu2,240a88eb1b7b,2,1,102,groth16,5,path_first,mem,2,2026-09-25T07:25:15.858Z,2.718,263.846,1133343,41c7636150900ee72cf6323930dd506bd0fc015a94a20905cc61c856b4fe919a,1,1,18.084,316.664,sha256:50c5f26d2c05b460aa702d89700b74f817ea4adce9d64a5abacaae7a9bb671c8,9a7829fe2584259f1dd0dc45cf73c5ce904fce7e61e964fb7958826f156b43be,ok,
campaign-20260925T060607Z,S20260925T060607Z,cpu2,5e77e7b05084,3,1,103,groth16,15,mem_first,mem,1,2026-09-25T07:27:34.570Z,1.141,477.83,2468935,d6be53096894f276c29d0702fcead9cafd5a510db26c6b563aa91a72f3a7c974,1,1,17.804,345.641,sha256:50c5f26d2c05b460aa702d89700b74f817ea4adce9d64a5abacaae7a9bb671c8,9a7829fe2584259f1dd0dc45cf73c5ce904fce7e61e964fb7958826f156b43be,ok,
campaign-20260925T060607Z,S20260925T060607Z,cpu2,5e77e7b05084,3,1,103,groth16,15,mem_first,path,2,2026-09-25T07:27:35.076Z,,480.205,2468935,d6be53096894f276c29d0702fcead9cafd5a510db26c6b563aa91a72f3a7c974,1,1,18.291,345.621,sha256:50c5f26d2c05b460aa702d89700b74f817ea4adce9d64a5abacaae7a9bb671c8,9a7829fe2584259f1dd0dc45cf73c5ce904fce7e61e964fb7958826f156b43be,ok,
campaign-20260925T060607Z,S20260925T060607Z,cpu2,5e77e7b05084,3,1,103,groth16,7,path_first,path,1,2026-09-25T07:27:35.602Z,,319.067,1374247,c0f6d8c4ac9fa282780a2c229d7d086f87e26be62a3eefceb9f801e5076843aa,1,1,18.563,287.363,sha256:50c5f26d2c05b460aa702d89700b74f817ea4adce9d64a5abacaae7a9bb671c8,9a7829fe2584259f1dd0dc45cf73c5ce904fce7e61e964fb7958826f156b43be,ok,
campaign-20260925T060607Z,S20260925T060607Z,cpu2,5e77e7b05084,3,1,103,groth16,7,path_first,mem,2,2026-09-25T07:27:35.939Z,0.795,275.849,1374247,c0f6d8c4ac9fa282780a2c229d7d086f87e26be62a3eefceb9f801e5076843aa,1,1,18.275,287.988,sha256:50c5f26d2c05b460aa702d89700b74f817ea4adce9d64a5abacaae7a9bb671c8,9a7829fe2584259f1dd0dc45cf73c5ce904fce7e61e964fb7958826f156b43be,ok,
campaign-20260925T060607Z,S20260925T060607Z,cpu2,5e77e7b05084,3,1,103,plonk,5,path_first,path,1,2026-09-25T07:27:36.266Z,,11929.389,50790568,8b7d89ef154d0704a4a5fb8df978ea728f0decad61374b1d3a80a026ad357fec,1,1,17.62,318.152,sha256:50c5f26d2c05b460aa702d89700b74f817ea4adce9d64a5abacaae7a9bb671c8,9a7829fe2584259f1dd0dc45cf73c5ce904fce7e61e964fb7958826f156b43be,ok,
campaign-20260925T060607Z,S20260925T060607Z,cpu2,5e77e7b05084,3,1,103,plonk,5,path_first,mem,2,2026-09-25T07:27:48.215Z,18.842,11861.447,50790568,8b7d89ef154d0704a4a5fb8df978ea728f0decad61374b1d3a80a026ad357fec,1,1,17.626,349.434,sha256:50c5f26d2c05b460aa702d89700b74f817ea4adce9d64a5abacaae7a9bb671c8,9a7829fe2584259f1dd0dc45cf73c5ce904fce7e61e964fb7958826f156b43be,ok,
campaign-20260925T060607Z,S20260925T060607Z,cpu2,5e77e7b05084,3,1,103,plonk,11,mem_first,mem,1,2026-09-25T07:28:00.157Z,36.547,23043.405,101216064,55b85a8c273635d0f8f2cdda0e7ce81b35231792d5212b770681d612dbf1c56a,1,1,18.354,565.977,sha256:50c5f26d2c05b460aa702d89700b74f817ea4adce9d64a5abacaae7a9bb671c8,9a7829fe2584259f1dd0dc45cf73c5ce904fce7e61e964fb7958826f156b43be,ok,
campaign-20260925T060607Z,S20260925T060607Z,cpu2,5e77e7b05084,3,1,103,plonk,11,mem_first,path,2,2026-09-25T07:28:23.260Z,,22920.026,101216064,55b85a8c273635d0f8f2cdda0e7ce81b35231792d5212b770681d612dbf1c56a,1,1,17.66,407.176,sha256:50c5f26d2c05b460aa702d89700b74f817ea4adce9d64a5abacaae7a9bb671c8,9a7829fe2584259f1dd0dc45cf73c5ce904fce7e61e964fb7958826f156b43be,ok,
campaign-20260925T060607Z,S20260925T060607Z,cpu2,5e77e7b05084,3,1,103,groth16,5,mem_first,mem,1,2026-09-25T07:28:46.234Z,2.458,258.299,1133343,41c7636150900ee72cf6323930dd506bd0fc015a94a20905cc61c856b4fe919a,1,1,18.154,390.461,sha256:50c5f26d2c05b460aa702d89700b74f817ea4adce9d64a5abacaae7a9bb671c8,9a7829fe2584259f1dd0dc45cf73c5ce904fce7e61e964fb7958826f156b43be,ok,
campaign-20260925T060607Z,S20260925T060607Z,cpu2,5e77e7b05084,3,1,103,groth16,5,mem_first,path,2,2026-09-25T07:28:46.517Z,,267.482,1133343,41c7636150900ee72cf6323930dd506bd0fc015a94a20905cc61c856b4fe919a,1,1,18.071,391.262,sha256:50c5f26d2c05b460aa702d89700b74f817ea4adce9d64a5abacaae7a9bb671c8,9a7829fe2584259f1dd0dc45cf73c5ce904fce7e61e964fb7958826f156b43be,ok,
campaign-20260925T060607Z,S20260925T060607Z,cpu2,5e77e7b05084,3,1,103,plonk,15,path_first,path,1,2026-09-25T07:28:46.959Z,,23203.103,101977680,590ecdca303cbdece71bd9566d50ed9ad6168b343d2955edb57da417b966d08b,1,1,18.403,502.895,sha256:50c5f26d2c05b460aa702d89700b74f817ea4adce9d64a5abacaae7a9bb671c8,9a7829fe2584259f1dd0dc45cf73c5ce904fce7e61e964fb7958826f156b43be,ok,
campaign-20260925T060607Z,S20260925T060607Z,cpu2,5e77e7b05084,3,1,103,plonk,15,path_first,mem,2,2026-09-25T07:29:10.180Z,39.314,22799.159,101977680,590ecdca303cbdece71bd9566d50ed9ad6168b343d2955edb57da417b966d08b,1,1,18.442,570.156,sha256:50c5f26d2c05b460aa702d89700b74f817ea4adce9d64a5abacaae7a9bb671c8,9a7829fe2584259f1dd0dc45cf73c5ce904fce7e61e964fb7958826f156b43be,ok,
campaign-20260925T060607Z,S20260925T060607Z,cpu2,5e77e7b05084,3,1,103,plonk,10,mem_first,mem,1,2026-09-25T07:29:33.078Z,24.22,11928.49,51742588,bebeabf9a0c71095a0054d8bd4225201a55744b4b0560ef0825703d4931d0ced,1,1,18.46,474.852,sha256:50c5f26d2c05b460aa702d89700b74f817ea4adce9d64a5abacaae7a9bb671c8,9a7829fe2584259f1dd0dc45cf73c5ce904fce7e61e964fb7958826f156b43be,ok,
campaign-20260925T060607Z,S20260925T060607Z,cpu2,5e77e7b05084,3,1,103,plonk,10,mem_first,path,2,2026-09-25T07:29:45.055Z,,11989.247,51742588,bebeabf9a0c71095a0054d8bd4225201a55744b4b0560ef0825703d4931d0ced,1,1,18.479,426.402,sha256:50c5f26d2c05b460aa702d89700b74f817ea4adce9d64a5abacaae7a9bb671c8,9a7829fe2584259f1dd0dc45cf73c5ce904fce7e61e964fb7958826f156b43be,ok,
campaign-20260925T060607Z,S20260925T060607Z,cpu2,5e77e7b05084,3,1,103,groth16,8,path_first,path,1,2026-09-25T07:29:57.089Z,,321.147,1625771,5ed3b83d5f5aad4ca7fa25c79bc0fa86d421d2202a7e7054079f14b9e1c2f4cd,1,1,18.836,399.465,sha256:50c5f26d2c05b460aa702d89700b74f817ea4adce9d64a5abacaae7a9bb671c8,9a7829fe2584259f1dd0dc45cf73c5ce904fce7e61e964fb7958826f156b43be,ok,
campaign-20260925T060607Z,S20260925T060607Z,cpu2,5e77e7b05084,3,1,103,groth16,8,path_first,mem,2,2026-09-25T07:29:57.427Z,1.76,343.08,1625771,5ed3b83d5f5aad4ca7fa25c79bc0fa86d421d2202a7e7054079f14b9e1c2f4cd,1,1,18.553,399.199,sha256:50c5f26d2c05b460aa702d89700b74f817ea4adce9d64a5abacaae7a9bb671c8,9a7829fe2584259f1dd0dc45cf73c5ce904fce7e61e964fb7958826f156b43be,ok,
campaign-20260925T060607Z,S20260925T060607Z,cpu2,d328c6b7679e,4,1,104,groth16,15,path_first,path,1,2026-09-25T07:36:51.843Z,,459.365,2468935,d6be53096894f276c29d0702fcead9cafd5a510db26c6b563aa91a72f3a7c974,1,1,18.929,324.781,sha256:50c5f26d2c05b460aa702d89700b74f817ea4adce9d64a5abacaae7a9bb671c8,9a7829fe2584259f1dd0dc45cf73c5ce904fce7e61e964fb7958826f156b43be,ok,
campaign-20260925T060607Z,S20260925T060607Z,cpu2,d328c6b7679e,4,1,104,groth16,15,path_first,mem,2,2026-09-25T07:36:52.326Z,3.192,462.246,2468935,d6be53096894f276c29d0702fcead9cafd5a510db26c6b563aa91a72f3a7c974,1,1,18.823,325.441,sha256:50c5f26d2c05b460aa702d89700b74f817ea4adce9d64a5abacaae7a9bb671c8,9a7829fe2584259f1dd0dc45cf73c5ce904fce7e61e964fb7958826f156b43be,ok,
campaign-20260925T060607Z,S20260925T060607Z,cpu2,d328c6b7679e,4,1,104,groth16,7,mem_first,mem,1,2026-09-25T07:36:52.849Z,1.791,311.246,1374247,c0f6d8c4ac9fa282780a2c229d7d086f87e26be62a3eefceb9f801e5076843aa,1,1,18.974,299.176,sha256:50c5f26d2c05b460aa702d89700b74f817ea4adce9d64a5abacaae7a9bb671c8,9a7829fe2584259f1dd0dc45cf73c5ce904fce7e61e964fb7958826f156b43be,ok,
campaign-20260925T060607Z,S20260925T060607Z,cpu2,d328c6b7679e,4,1,104,groth16,7,mem_first,path,2,2026-09-25T07:36:53.180Z,,312.569,1374247,c0f6d8c4ac9fa282780a2c229d7d086f87e26be62a3eefceb9f801e5076843aa,1,1,18.883,299.426,sha256:50c5f26d2c05b460aa702d89700b74f817ea4adce9d64a5abacaae7a9bb671c8,9a7829fe2584259f1dd0dc45cf73c5ce904fce7e61e964fb7958826f156b43be,ok,
campaign-20260925T060607Z,S20260925T060607Z,cpu2,d328c6b7679e,4,1,104,plonk,15,path_first,path,1,2026-09-25T07:36:53.664Z,,23387.447,101977680,590ecdca303cbdece71bd9566d50ed9ad6168b343d2955edb57da417b966d08b,1,1,19.072,508.105,sha256:50c5f26d2c05b460aa702d89700b74f817ea4adce9d64a5abacaae7a9bb671c8,9a7829fe2584259f1dd0dc45cf73c5ce904fce7e61e964fb7958826f156b43be,ok,
campaign-20260925T060607Z,S20260925T060607Z,cpu2,d328c6b7679e,4,1,104,plonk,15,path_first,mem,2,2026-09-25T07:37:17.067Z,33.735,23516.423,101977680,590ecdca303cbdece71bd9566d50ed9ad6168b343d2955edb57da417b966d08b,1,1,18.848,571.574,sha256:50c5f26d2c05b460aa702d89700b74f817ea4adce9d64a5abacaae7a9bb671c8,9a7829fe2584259f1dd0dc45cf73c5ce904fce7e61e964fb7958826f156b43be,ok,
campaign-20260925T060607Z,S20260925T060607Z,cpu2,d328c6b7679e,4,1,104,groth16,5,path_first,path,1,2026-09-25T07:37:40.674Z,,253.435,1133343,41c7636150900ee72cf6323930dd506bd0fc015a94a20905cc61c856b4fe919a,1,1,19.143,348.879,sha256:50c5f26d2c05b460aa702d89700b74f817ea4adce9d64a5abacaae7a9bb671c8,9a7829fe2584259f1dd0dc45cf73c5ce904fce7e61e964fb7958826f156b43be,ok,
campaign-20260925T060607Z,S20260925T060607Z,cpu2,d328c6b7679e,4,1,104,groth16,5,path_first,mem,2,2026-09-25T07:37:40.945Z,2.33,266.968,1133343,41c7636150900ee72cf6323930dd506bd0fc015a94a20905cc61c856b4fe919a,1,1,19.09,349.879,sha256:50c5f26d2c05b460aa702d89700b74f817ea4adce9d64a5abacaae7a9bb671c8,9a7829fe2584259f1dd0dc45cf73c5ce904fce7e61e964fb7958826f156b43be,ok,
campaign-20260925T060607Z,S20260925T060607Z,cpu2,d328c6b7679e,4,1,104,plonk,5,mem_first,mem,1,2026-09-25T07:37:41.266Z,21.127,11942.516,50790568,8b7d89ef154d0704a4a5fb8df978ea728f0decad61374b1d3a80a026ad357fec,1,1,19.076,406.867,sha256:50c5f26d2c05b460aa702d89700b74f817ea4adce9d64a5abacaae7a9bb671c8,9a7829fe2584259f1dd0dc45cf73c5ce904fce7e61e964fb7958826f156b43be,ok,
campaign-20260925T060607Z,S20260925T060607Z,cpu2,d328c6b7679e,4,1,104,plonk,5,mem_first,path,2,2026-09-25T07:37:53.248Z,,12033.303,50790568,8b7d89ef154d0704a4a5fb8df978ea728f0decad61374b1d3a80a026ad357fec,1,1,18.202,401.863,sha256:50c5f26d2c05b460aa702d89700b74f817ea4adce9d64a5abacaae7a9bb671c8,9a7829fe2584259f1dd0dc45cf73c5ce904fce7e61e964fb7958826f156b43be,ok,
campaign-20260925T060607Z,S20260925T060607Z,cpu2,d328c6b7679e,4,1,104,groth16,8,mem_first,mem,1,2026-09-25T07:38:05.331Z,0.91,338.96,1625771,5ed3b83d5f5aad4ca7fa25c79bc0fa86d421d2202a7e7054079f14b9e1c2f4cd,1,1,19.314,361.691,sha256:50c5f26d2c05b460aa702d89700b74f817ea4adce9d64a5abacaae7a9bb671c8,9a7829fe2584259f1dd0dc45cf73c5ce904fce7e61e964fb7958826f156b43be,ok,
campaign-20260925T060607Z,S20260925T060607Z,cpu2,d328c6b7679e,4,1,104,groth16,8,mem_first,path,2,2026-09-25T07:38:05.693Z,,355.758,1625771,5ed3b83d5f5aad4ca7fa25c79bc0fa86d421d2202a7e7054079f14b9e1c2f4cd,1,1,19.207,361.879,sha256:50c5f26d2c05b460aa702d89700b74f817ea4adce9d64a5abacaae7a9bb671c8,9a7829fe2584259f1dd0dc45cf73c5ce904fce7e61e964fb7958826f156b43be,ok,
campaign-20260925T060607Z,S20260925T060607Z,cpu2,d328c6b7679e,4,1,104,plonk,10,mem_first,mem,1,2026-09-25T07:38:06.100Z,21.165,11942.917,51742588,bebeabf9a0c71095a0054d8bd4225201a55744b4b0560ef0825703d4931d0ced,1,1,18.264,378.637,sha256:50c5f26d2c05b460aa702d89700b74f817ea4adce9d64a5abacaae7a9bb671c8,9a7829fe2584259f1dd0dc45cf73c5ce904fce7e61e964fb7958826f156b43be,ok,
campaign-20260925T060607Z,S20260925T060607Z,cpu2,d328c6b7679e,4,1,104,plonk,10,mem_first,path,2,2026-09-25T07:38:18.093Z,,12000.809,51742588,bebeabf9a0c71095a0054d8bd4225201a55744b4b0560ef0825703d4931d0ced,1,1,18.302,385,sha256:50c5f26d2c05b460aa702d89700b74f817ea4adce9d64a5abacaae7a9bb671c8,9a7829fe2584259f1dd0dc45cf73c5ce904fce7e61e964fb7958826f156b43be,ok,
campaign-20260925T060607Z,S20260925T060607Z,cpu2,d328c6b7679e,4,1,104,plonk,11,path_first,path,1,2026-09-25T07:38:30.147Z,,23356.246,101216064,55b85a8c273635d0f8f2cdda0e7ce81b35231792d5212b770681d612dbf1c56a,1,1,18.876,500.922,sha256:50c5f26d2c05b460aa702d89700b74f817ea4adce9d64a5abacaae7a9bb671c8,9a7829fe2584259f1dd0dc45cf73c5ce904fce7e61e964fb7958826f156b43be,ok,
campaign-20260925T060607Z,S20260925T060607Z,cpu2,d328c6b7679e,4,1,104,plonk,11,path_first,mem,2,2026-09-25T07:38:53.516Z,38.511,23005.734,101216064,55b85a8c273635d0f8f2cdda0e7ce81b35231792d5212b770681d612dbf1c56a,1,1,18.335,384.875,sha256:50c5f26d2c05b460aa702d89700b74f817ea4adce9d64a5abacaae7a9bb671c8,9a7829fe2584259f1dd0dc45cf73c5ce904fce7e61e964fb7958826f156b43be,ok,
campaign-20260925T060607Z,S20260925T060607Z,cpu2,d05e48836aac,5,1,105,plonk,15,mem_first,mem,1,2026-09-25T07:41:40.868Z,45.219,23455.985,101977680,590ecdca303cbdece71bd9566d50ed9ad6168b343d2955edb57da417b966d08b,1,1,19.071,565.02,sha256:50c5f26d2c05b460aa702d89700b74f817ea4adce9d64a5abacaae7a9bb671c8,9a7829fe2584259f1dd0dc45cf73c5ce904fce7e61e964fb7958826f156b43be,ok,
campaign-20260925T060607Z,S20260925T060607Z,cpu2,d05e48836aac,5,1,105,plonk,15,mem_first,path,2,2026-09-25T07:42:04.392Z,,23410.627,101977680,590ecdca303cbdece71bd9566d50ed9ad6168b343d2955edb57da417b966d08b,1,1,18.522,493.246,sha256:50c5f26d2c05b460aa702d89700b74f817ea4adce9d64a5abacaae7a9bb671c8,9a7829fe2584259f1dd0dc45cf73c5ce904fce7e61e964fb7958826f156b43be,ok,
campaign-20260925T060607Z,S20260925T060607Z,cpu2,d05e48836aac,5,1,105,plonk,10,path_first,path,1,2026-09-25T07:42:27.855Z,,12103.509,51742588,bebeabf9a0c71095a0054d8bd4225201a55744b4b0560ef0825703d4931d0ced,1,1,19.114,394.191,sha256:50c5f26d2c05b460aa702d89700b74f817ea4adce9d64a5abacaae7a9bb671c8,9a7829fe2584259f1dd0dc45cf73c5ce904fce7e61e964fb7958826f156b43be,ok,
campaign-20260925T060607Z,S20260925T060607Z,cpu2,d05e48836aac,5,1,105,plonk,10,path_first,mem,2,2026-09-25T07:42:39.976Z,22.53,11986.117,51742588,bebeabf9a0c71095a0054d8bd4225201a55744b4b0560ef0825703d4931d0ced,1,1,18.406,427.016,sha256:50c5f26d2c05b460aa702d89700b74f817ea4adce9d64a5abacaae7a9bb671c8,9a7829fe2584259f1dd0dc45cf73c5ce904fce7e61e964fb7958826f156b43be,ok,
campaign-20260925T060607Z,S20260925T060607Z,cpu2,d05e48836aac,5,1,105,plonk,5,mem_first,mem,1,2026-09-25T07:42:52.043Z,17.796,11941.774,50790568,8b7d89ef154d0704a4a5fb8df978ea728f0decad61374b1d3a80a026ad357fec,1,1,18.419,378.895,sha256:50c5f26d2c05b460aa702d89700b74f817ea4adce9d64a5abacaae7a9bb671c8,9a7829fe2584259f1dd0dc45cf73c5ce904fce7e61e964fb7958826f156b43be,ok,
campaign-20260925T060607Z,S20260925T060607Z,cpu2,d05e48836aac,5,1,105,plonk,5,mem_first,path,2,2026-09-25T07:43:04.032Z,,12093.447,50790568,8b7d89ef154d0704a4a5fb8df978ea728f0decad61374b1d3a80a026ad357fec,1,1,19.343,394.199,sha256:50c5f26d2c05b460aa702d89700b74f817ea4adce9d64a5abacaae7a9bb671c8,9a7829fe2584259f1dd0dc45cf73c5ce904fce7e61e964fb7958826f156b43be,ok,
campaign-20260925T060607Z,S20260925T060607Z,cpu2,d05e48836aac,5,1,105,groth16,5,path_first,path,1,2026-09-25T07:43:16.170Z,,250.639,1133343,41c7636150900ee72cf6323930dd506bd0fc015a94a20905cc61c856b4fe919a,1,1,19.299,347.512,sha256:50c5f26d2c05b460aa702d89700b74f817ea4adce9d64a5abacaae7a9bb671c8,9a7829fe2584259f1dd0dc45cf73c5ce904fce7e61e964fb7958826f156b43be,ok,
campaign-20260925T060607Z,S20260925T060607Z,cpu2,d05e48836aac,5,1,105,groth16,5,path_first,mem,2,2026-09-25T07:43:16.437Z,1.766,256.277,1133343,41c7636150900ee72cf6323930dd506bd0fc015a94a20905cc61c856b4fe919a,1,1,19.551,348.434,sha256:50c5f26d2c05b460aa702d89700b74f817ea4adce9d64a5abacaae7a9bb671c8,9a7829fe2584259f1dd0dc45cf73c5ce904fce7e61e964fb7958826f156b43be,ok,
campaign-20260925T060607Z,S20260925T060607Z,cpu2,d05e48836aac,5,1,105,plonk,11,path_first,path,1,2026-09-25T07:43:16.755Z,,23329.279,101216064,55b85a8c273635d0f8f2cdda0e7ce81b35231792d5212b770681d612dbf1c56a,1,1,19.409,517.512,sha256:50c5f26d2c05b460aa702d89700b74f817ea4adce9d64a5abacaae7a9bb671c8,9a7829fe2584259f1dd0dc45cf73c5ce904fce7e61e964fb7958826f156b43be,ok,
campaign-20260925T060607Z,S20260925T060607Z,cpu2,d05e48836aac,5,1,105,plonk,11,path_first,mem,2,2026-09-25T07:43:40.099Z,39.621,23194.848,101216064,55b85a8c273635d0f8f2cdda0e7ce81b35231792d5212b770681d612dbf1c56a,1,1,19.412,576.672,sha256:50c5f26d2c05b460aa702d89700b74f817ea4adce9d64a5abacaae7a9bb671c8,9a7829fe2584259f1dd0dc45cf73c5ce904fce7e61e964fb7958826f156b43be,ok,
campaign-20260925T060607Z,S20260925T060607Z,cpu2,d05e48836aac,5,1,105,groth16,15,path_first,path,1,2026-09-25T07:44:03.524Z,,459.453,2468935,d6be53096894f276c29d0702fcead9cafd5a510db26c6b563aa91a72f3a7c974,1,1,18.855,390.91,sha256:50c5f26d2c05b460aa702d89700b74f817ea4adce9d64a5abacaae7a9bb671c8,9a7829fe2584259f1dd0dc45cf73c5ce904fce7e61e964fb7958826f156b43be,ok,
campaign-20260925T060607Z,S20260925T060607Z,cpu2,d05e48836aac,5,1,105,groth16,15,path_first,mem,2,2026-09-25T07:44:04.001Z,3.216,446.621,2468935,d6be53096894f276c29d0702fcead9cafd5a510db26c6b563aa91a72f3a7c974,1,1,19.274,390.988,sha256:50c5f26d2c05b460aa702d89700b74f817ea4adce9d64a5abacaae7a9bb671c8,9a7829fe2584259f1dd0dc45cf73c5ce904fce7e61e964fb7958826f156b43be,ok,
campaign-20260925T060607Z,S20260925T060607Z,cpu2,d05e48836aac,5,1,105,groth16,7,mem_first,mem,1,2026-09-25T07:44:04.503Z,1.92,298.035,1374247,c0f6d8c4ac9fa282780a2c229d7d086f87e26be62a3eefceb9f801e5076843aa,1,1,19.209,364.453,sha256:50c5f26d2c05b460aa702d89700b74f817ea4adce9d64a5abacaae7a9bb671c8,9a7829fe2584259f1dd0dc45cf73c5ce904fce7e61e964fb7958826f156b43be,ok,
campaign-20260925T060607Z,S20260925T060607Z,cpu2,d05e48836aac,5,1,105,groth16,7,mem_first,path,2,2026-09-25T07:44:04.823Z,,317.038,1374247,c0f6d8c4ac9fa282780a2c229d7d086f87e26be62a3eefceb9f801e5076843aa,1,1,18.94,364.578,sha256:50c5f26d2c05b460aa702d89700b74f817ea4adce9d64a5abacaae7a9bb671c8,9a7829fe2584259f1dd0dc45cf73c5ce904fce7e61e964fb7958826f156b43be,ok,
campaign-20260925T060607Z,S20260925T060607Z,cpu2,d05e48836aac,5,1,105,groth16,8,mem_first,mem,1,2026-09-25T07:44:05.185Z,2.046,344.618,1625771,5ed3b83d5f5aad4ca7fa25c79bc0fa86d421d2202a7e7054079f14b9e1c2f4cd,1,1,19.255,365.09,sha256:50c5f26d2c05b460aa702d89700b74f817ea4adce9d64a5abacaae7a9bb671c8,9a7829fe2584259f1dd0dc45cf73c5ce904fce7e61e964fb7958826f156b43be,ok,
campaign-20260925T060607Z,S20260925T060607Z,cpu2,d05e48836aac,5,1,105,groth16,8,mem_first,path,2,2026-09-25T07:44:05.553Z,,370.994,1625771,5ed3b83d5f5aad4ca7fa25c79bc0fa86d421d2202a7e7054079f14b9e1c2f4cd,1,1,19.757,365.215,sha256:50c5f26d2c05b460aa702d89700b74f817ea4adce9d64a5abacaae7a9bb671c8,9a7829fe2584259f1dd0dc45cf73c5ce904fce7e61e964fb7958826f156b43be,ok,
