cell,role,pred,lo,hi,measured_mean,err_rel,status
evm-osaka|groth16|c1_k01|Y_dir,CALIBRATION,214590,214167,215012,214589.5,-2e-06,TRANSFER-CHECK PASS
evm-osaka|groth16|c1_ctx_k02|Y_dir,HELD-OUT-k/seen-in-P0,221762,221326,222197,221774.5,5.6e-05,PASS
evm-osaka|groth16|c1_ctx_k04|Y_dir,CALIBRATION,236104,235642,236566,236104,0.0,TRANSFER-CHECK PASS
evm-osaka|groth16|c1_ctx_k06|Y_dir,HELD-OUT-k/strictly-unseen,250466,249977,250955,250331,-0.000539,PASS
evm-osaka|groth16|c1_ctx_k08|Y_dir,HELD-OUT-k/strictly-unseen,264807,264291,265323,264618,-0.000714,PASS
evm-osaka|groth16|c1_ctx_k12|Y_dir,HELD-OUT-k/strictly-unseen,293498,292929,294067,293201,-0.001012,PASS
evm-osaka|groth16|c1_ctx_k16|Y_dir,HELD-OUT-k/seen-in-P0,322195,321572,322818,321790,-0.001257,PASS
evm-osaka|groth16|c1_ctx_k24|Y_dir,HELD-OUT-k/strictly-unseen,379576,378845,380306,378954.5,-0.001637,PASS
evm-osaka|groth16|c1_ctx_k32|Y_dir,HELD-OUT-k/seen-in-P0,436971,436134,437809,436134,-0.001915,PASS
evm-osaka|groth16|c1_ctx_k64|Y_dir,LIMIT-CHECK,666510,665243,667776,664808.5,-0.002553,DESCRIPTIVE FAIL
evm-osaka|groth16|c1_a4|Y_dir,SEMANTIC,236128,235666,236590,236128,0.0,PASS
evm-osaka|groth16|c1_a8|Y_dir,SEMANTIC,263475,262959,263991,263286,-0.000717,PASS
evm-osaka|groth16|c1_disc_k04|Y_dir,SEMANTIC,235452,234989,235914,235451.5,-2e-06,PASS
evm-osaka|groth16|c1_k01|Y_app,CALIBRATION,223950,223424,224477,223950.5,2e-06,TRANSFER-CHECK PASS
evm-osaka|groth16|c1_ctx_k02|Y_app,HELD-OUT-k/seen-in-P0,231133,230590,231676,231114.5,-8e-05,PASS
evm-osaka|groth16|c1_ctx_k04|Y_app,CALIBRATION,245497,244922,246072,245497,0.0,TRANSFER-CHECK PASS
evm-osaka|groth16|c1_ctx_k06|Y_app,HELD-OUT-k/strictly-unseen,259880,259273,260487,259677,-0.000781,PASS
evm-osaka|groth16|c1_ctx_k08|Y_app,HELD-OUT-k/strictly-unseen,274243,273604,274882,273915,-0.001196,PASS
evm-osaka|groth16|c1_ctx_k12|Y_app,HELD-OUT-k/strictly-unseen,302976,302273,303680,302518,-0.001512,PASS
evm-osaka|groth16|c1_ctx_k16|Y_app,HELD-OUT-k/seen-in-P0,331716,330949,332483,331121,-0.001794,PASS
evm-osaka|groth16|c1_ctx_k24|Y_app,HELD-OUT-k/strictly-unseen,389182,388286,390078,388455.5,-0.001867,PASS
evm-osaka|groth16|c1_ctx_k32|Y_app,HELD-OUT-k/seen-in-P0,446663,445639,447687,445639,-0.002293,PASS
evm-osaka|groth16|c1_ctx_k64|Y_app,LIMIT-CHECK,676542,675005,678080,674535.5,-0.002966,DESCRIPTIVE FAIL
evm-osaka|groth16|c1_a4|Y_app,SEMANTIC,245521,244946,246096,245521,0.0,PASS
evm-osaka|groth16|c1_a8|Y_app,SEMANTIC,272911,272272,273550,272583,-0.001202,PASS
evm-osaka|groth16|c1_disc_k04|Y_app,SEMANTIC,244844,244270,245419,244844.5,2e-06,PASS
evm-osaka|plonk|c1_k01|Y_dir,CALIBRATION,291490,287320,295661,291452.25,-0.00013,TRANSFER-CHECK PASS
evm-osaka|plonk|c1_ctx_k02|Y_dir,HELD-OUT-k/seen-in-P0,292748,288567,296930,292232.75,-0.00176,PASS
evm-osaka|plonk|c1_ctx_k04|Y_dir,CALIBRATION,295242,291038,299447,295205.75,-0.000123,TRANSFER-CHECK PASS
evm-osaka|plonk|c1_ctx_k06|Y_dir,HELD-OUT-k/strictly-unseen,297765,293538,301992,297236.5,-0.001775,PASS
evm-osaka|plonk|c1_ctx_k08|Y_dir,HELD-OUT-k/strictly-unseen,300272,296022,304521,300589,0.001056,PASS
evm-osaka|plonk|c1_ctx_k12|Y_dir,HELD-OUT-k/strictly-unseen,305296,301001,309591,306431.5,0.003719,PASS
evm-osaka|plonk|c1_ctx_k16|Y_dir,HELD-OUT-k/seen-in-P0,310318,305978,314658,311794.75,0.004759,PASS
evm-osaka|plonk|c1_ctx_k24|Y_dir,HELD-OUT-k/strictly-unseen,320352,315921,324783,322388,0.006356,PASS
evm-osaka|plonk|c1_ctx_k32|Y_dir,HELD-OUT-k/seen-in-P0,330424,325902,334946,333163.5,0.008291,PASS
evm-osaka|plonk|c1_ctx_k64|Y_dir,LIMIT-CHECK,370614,365729,375499,376929.75,0.017041,DESCRIPTIVE FAIL
evm-osaka|plonk|c1_a4|Y_dir,SEMANTIC,295266,291062,299471,295009.5,-0.000869,PASS
evm-osaka|plonk|c1_a8|Y_dir,SEMANTIC,298946,294696,303195,298793.5,-0.00051,PASS
evm-osaka|plonk|c1_disc_k04|Y_dir,SEMANTIC,294593,290389,298797,294427.75,-0.000561,PASS
evm-osaka|plonk|c1_k01|Y_app,CALIBRATION,300490,296034,304945,300451.25,-0.000129,TRANSFER-CHECK PASS
evm-osaka|plonk|c1_ctx_k02|Y_app,HELD-OUT-k/seen-in-P0,301744,297276,306211,301162.75,-0.001926,PASS
evm-osaka|plonk|c1_ctx_k04|Y_app,CALIBRATION,304230,299740,308721,304193.75,-0.000119,TRANSFER-CHECK PASS
evm-osaka|plonk|c1_ctx_k06|Y_app,HELD-OUT-k/strictly-unseen,306746,302232,311260,306302.5,-0.001446,PASS
evm-osaka|plonk|c1_ctx_k08|Y_app,HELD-OUT-k/strictly-unseen,309245,304708,313782,309622,0.001219,PASS
evm-osaka|plonk|c1_ctx_k12|Y_app,HELD-OUT-k/strictly-unseen,314255,309671,318839,315489.5,0.003928,PASS
evm-osaka|plonk|c1_ctx_k16|Y_app,HELD-OUT-k/seen-in-P0,319262,314631,323893,320898.75,0.005127,PASS
evm-osaka|plonk|c1_ctx_k24|Y_app,HELD-OUT-k/strictly-unseen,329267,324543,333991,331534,0.006885,PASS
evm-osaka|plonk|c1_ctx_k32|Y_app,HELD-OUT-k/seen-in-P0,339310,334492,344127,342345.5,0.008946,PASS
evm-osaka|plonk|c1_ctx_k64|Y_app,LIMIT-CHECK,379382,374191,384573,386357.75,0.018387,DESCRIPTIVE FAIL
evm-osaka|plonk|c1_a4|Y_app,SEMANTIC,304254,299764,308745,303997.5,-0.000843,PASS
evm-osaka|plonk|c1_a8|Y_app,SEMANTIC,307919,303382,312456,307826.5,-0.0003,PASS
evm-osaka|plonk|c1_disc_k04|Y_app,SEMANTIC,303581,299090,308072,303415.75,-0.000544,PASS
eravm-29|groth16|c1_k01|Y_dir,CALIBRATION,444263,443986,444540,444311,0.000108,TRANSFER-CHECK PASS
eravm-29|groth16|c1_ctx_k02|Y_dir,HELD-OUT-k/seen-in-P0,451206,450924,451487,451263,0.000126,PASS
eravm-29|groth16|c1_ctx_k04|Y_dir,CALIBRATION,465091,464801,465381,465139,0.000103,TRANSFER-CHECK PASS
eravm-29|groth16|c1_ctx_k06|Y_dir,HELD-OUT-k/strictly-unseen,478976,478678,479275,479055,0.000165,PASS
eravm-29|groth16|c1_ctx_k08|Y_dir,HELD-OUT-k/strictly-unseen,492862,492555,493169,492923,0.000124,PASS
eravm-29|groth16|c1_ctx_k12|Y_dir,HELD-OUT-k/strictly-unseen,520632,520308,520957,520812,0.000346,PASS
eravm-29|groth16|c1_ctx_k16|Y_dir,HELD-OUT-k/seen-in-P0,548403,548061,548745,548632,0.000418,PASS
eravm-29|groth16|c1_ctx_k24|Y_dir,HELD-OUT-k/strictly-unseen,603944,603568,604321,604272,0.000543,PASS
eravm-29|groth16|c1_ctx_k32|Y_dir,HELD-OUT-k/seen-in-P0,659486,659075,659896,659944,0.000694,FAIL
eravm-29|groth16|c1_ctx_k64|Y_dir,LIMIT-CHECK,881651,881102,882200,882464,0.000922,DESCRIPTIVE FAIL
eravm-29|groth16|c1_a4|Y_dir,SEMANTIC,465091,464801,465381,465139,0.000103,PASS
eravm-29|groth16|c1_a8|Y_dir,SEMANTIC,492862,492555,493169,492923,0.000124,PASS
eravm-29|groth16|c1_disc_k04|Y_dir,SEMANTIC,465091,464801,465381,465139,0.000103,PASS
eravm-29|groth16|c1_k01|Y_app,CALIBRATION,451276,451128,451424,451324,0.000106,TRANSFER-CHECK PASS
eravm-29|groth16|c1_ctx_k02|Y_app,HELD-OUT-k/seen-in-P0,458257,458106,458407,458326,0.000151,PASS
eravm-29|groth16|c1_ctx_k04|Y_app,CALIBRATION,472218,472063,472373,472266,0.000102,TRANSFER-CHECK PASS
eravm-29|groth16|c1_ctx_k06|Y_app,HELD-OUT-k/strictly-unseen,486179,486020,486339,486222,8.8e-05,PASS
eravm-29|groth16|c1_ctx_k08|Y_app,HELD-OUT-k/strictly-unseen,500141,499977,500305,500154,2.6e-05,PASS
eravm-29|groth16|c1_ctx_k12|Y_app,HELD-OUT-k/strictly-unseen,528063,527890,528237,528171,0.000205,PASS
eravm-29|groth16|c1_ctx_k16|Y_app,HELD-OUT-k/seen-in-P0,555986,555804,556168,556113,0.000228,PASS
eravm-29|groth16|c1_ctx_k24|Y_app,HELD-OUT-k/strictly-unseen,611831,611631,612032,612039,0.00034,FAIL
eravm-29|groth16|c1_ctx_k32|Y_app,HELD-OUT-k/seen-in-P0,667677,667458,667895,667943,0.000398,FAIL
eravm-29|groth16|c1_ctx_k64|Y_app,LIMIT-CHECK,891058,890766,891350,891499,0.000495,DESCRIPTIVE FAIL
eravm-29|groth16|c1_a4|Y_app,SEMANTIC,472218,472063,472373,472266,0.000102,PASS
eravm-29|groth16|c1_a8|Y_app,SEMANTIC,500141,499977,500305,500154,2.6e-05,PASS
eravm-29|groth16|c1_disc_k04|Y_app,SEMANTIC,472218,472063,472373,472266,0.000102,PASS
eravm-29|plonk|c1_k01|Y_dir,CALIBRATION,446058,437081,455035,445895.25,-0.000365,TRANSFER-CHECK PASS
eravm-29|plonk|c1_ctx_k02|Y_dir,HELD-OUT-k/seen-in-P0,448483,439457,457508,447635.5,-0.00189,PASS
eravm-29|plonk|c1_ctx_k04|Y_dir,CALIBRATION,453372,444248,462496,453382.75,2.4e-05,TRANSFER-CHECK PASS
eravm-29|plonk|c1_ctx_k06|Y_dir,HELD-OUT-k/strictly-unseen,458221,449000,467443,456305.25,-0.004181,PASS
eravm-29|plonk|c1_ctx_k08|Y_dir,HELD-OUT-k/strictly-unseen,463111,453791,472430,461302.5,-0.003905,PASS
eravm-29|plonk|c1_ctx_k12|Y_dir,HELD-OUT-k/strictly-unseen,472849,463334,482365,470509,-0.004949,PASS
eravm-29|plonk|c1_ctx_k16|Y_dir,HELD-OUT-k/seen-in-P0,482548,472837,492259,478713.5,-0.007946,PASS
eravm-29|plonk|c1_ctx_k24|Y_dir,HELD-OUT-k/strictly-unseen,502025,491922,512128,495510,-0.012977,PASS
eravm-29|plonk|c1_ctx_k32|Y_dir,HELD-OUT-k/seen-in-P0,521503,511008,531998,512225.75,-0.017789,PASS
eravm-29|plonk|c1_ctx_k64|Y_dir,LIMIT-CHECK,599412,587349,611475,582098.5,-0.028884,DESCRIPTIVE FAIL
eravm-29|plonk|c1_a4|Y_dir,SEMANTIC,453372,444248,462496,452924.5,-0.000987,PASS
eravm-29|plonk|c1_a8|Y_dir,SEMANTIC,463111,453791,472430,460769.25,-0.005057,PASS
eravm-29|plonk|c1_disc_k04|Y_dir,SEMANTIC,453372,444248,462496,453016.75,-0.000784,PASS
eravm-29|plonk|c1_k01|Y_app,CALIBRATION,453507,444177,462837,453344.25,-0.000359,TRANSFER-CHECK PASS
eravm-29|plonk|c1_ctx_k02|Y_app,HELD-OUT-k/seen-in-P0,455978,446597,465358,455134.5,-0.00185,PASS
eravm-29|plonk|c1_ctx_k04|Y_app,CALIBRATION,460959,451476,470442,460969.75,2.3e-05,TRANSFER-CHECK PASS
eravm-29|plonk|c1_ctx_k06|Y_app,HELD-OUT-k/strictly-unseen,465900,456315,475485,463956.25,-0.004172,PASS
eravm-29|plonk|c1_ctx_k08|Y_app,HELD-OUT-k/strictly-unseen,470882,461194,480569,468993.5,-0.004011,PASS
eravm-29|plonk|c1_ctx_k12|Y_app,HELD-OUT-k/strictly-unseen,480804,470913,490696,478328,-0.00515,PASS
eravm-29|plonk|c1_ctx_k16|Y_app,HELD-OUT-k/seen-in-P0,490687,480592,500782,486672.5,-0.008181,PASS
eravm-29|plonk|c1_ctx_k24|Y_app,HELD-OUT-k/strictly-unseen,510532,500029,521035,503713,-0.013357,PASS
eravm-29|plonk|c1_ctx_k32|Y_app,HELD-OUT-k/seen-in-P0,530378,519466,541289,520684.75,-0.018276,PASS
eravm-29|plonk|c1_ctx_k64|Y_app,LIMIT-CHECK,609759,597215,622303,591605.5,-0.029772,DESCRIPTIVE FAIL
eravm-29|plonk|c1_a4|Y_app,SEMANTIC,460959,451476,470442,460511.5,-0.000971,PASS
eravm-29|plonk|c1_a8|Y_app,SEMANTIC,470882,461194,480569,468460.25,-0.005143,PASS
eravm-29|plonk|c1_disc_k04|Y_app,SEMANTIC,460959,451476,470442,460603.75,-0.000771,PASS
eravm-27|groth16|c1_k01|Y_dir,CALIBRATION,8679088,8607804,8750372,8681649.25,0.000295,TRANSFER-CHECK PASS
eravm-27|groth16|c1_ctx_k04|Y_dir,HELD-OUT-REGIME/k-seen-in-P0,9599886,9521039,9678733,9581493.75,-0.001916,PASS
eravm-27|groth16|c1_ctx_k06|Y_dir,HELD-OUT-REGIME/k-unseen,10213751,10129863,10297640,10187355,-0.002584,PASS
eravm-27|groth16|c1_ctx_k08|Y_dir,HELD-OUT-REGIME/k-unseen,10827617,10738686,10916547,10785183.75,-0.003919,PASS
eravm-27|groth16|c1_ctx_k16|Y_dir,HELD-OUT-REGIME/k-seen-in-P0,13283078,13173980,13392176,13202782.5,-0.006045,PASS
eravm-27|groth16|c1_k01|Y_app,CALIBRATION,8686101,8614733,8757469,8688662.25,0.000295,TRANSFER-CHECK PASS
eravm-27|groth16|c1_ctx_k04|Y_app,HELD-OUT-REGIME/k-seen-in-P0,9607013,9528079,9685947,9588620.75,-0.001914,PASS
eravm-27|groth16|c1_ctx_k06|Y_app,HELD-OUT-REGIME/k-unseen,10220954,10136976,10304933,10194522,-0.002586,PASS
eravm-27|groth16|c1_ctx_k08|Y_app,HELD-OUT-REGIME/k-unseen,10834896,10745873,10923918,10792414.75,-0.003921,PASS
eravm-27|groth16|c1_ctx_k16|Y_app,HELD-OUT-REGIME/k-seen-in-P0,13290661,13181461,13399861,13210263.5,-0.006049,PASS
eravm-27|plonk|c1_k01|Y_dir,CALIBRATION,10488012,10434167,10541857,10489746.75,0.000165,TRANSFER-CHECK PASS
eravm-27|plonk|c1_ctx_k04|Y_dir,HELD-OUT-REGIME/k-seen-in-P0,10495326,10441444,10549208,10488568.75,-0.000644,PASS
eravm-27|plonk|c1_ctx_k06|Y_dir,HELD-OUT-REGIME/k-unseen,10500175,10446268,10554083,10499328,-8.1e-05,PASS
eravm-27|plonk|c1_ctx_k08|Y_dir,HELD-OUT-REGIME/k-unseen,10505065,10451132,10558997,10479390.75,-0.002444,PASS
eravm-27|plonk|c1_ctx_k16|Y_dir,HELD-OUT-REGIME/k-seen-in-P0,10524502,10470470,10578534,10525487.75,9.4e-05,PASS
eravm-27|plonk|c1_k01|Y_app,CALIBRATION,10495461,10441617,10549305,10497195.75,0.000165,TRANSFER-CHECK PASS
eravm-27|plonk|c1_ctx_k04|Y_app,HELD-OUT-REGIME/k-seen-in-P0,10502913,10449031,10556795,10496155.75,-0.000643,PASS
eravm-27|plonk|c1_ctx_k06|Y_app,HELD-OUT-REGIME/k-unseen,10507854,10453947,10561762,10506979,-8.3e-05,PASS
eravm-27|plonk|c1_ctx_k08|Y_app,HELD-OUT-REGIME/k-unseen,10512836,10458902,10566769,10487081.75,-0.00245,PASS
eravm-27|plonk|c1_ctx_k16|Y_app,HELD-OUT-REGIME/k-seen-in-P0,10532641,10478606,10586676,10533446.75,7.7e-05,PASS
evm-petersburg|groth16|c1_k01|Y_dir,SUPPORTING-CONTROL/calibration,,,,,,MISSING
evm-petersburg|groth16|c1_ctx_k04|Y_dir,SUPPORTING-CONTROL/calibration,,,,,,MISSING
evm-petersburg|groth16|c1_ctx_k16|Y_dir,SUPPORTING-CONTROL/held-out-k,,,,,,MISSING
evm-petersburg|groth16|c1_k01|Y_app,SUPPORTING-CONTROL/calibration,,,,,,MISSING
evm-petersburg|groth16|c1_ctx_k04|Y_app,SUPPORTING-CONTROL/calibration,,,,,,MISSING
evm-petersburg|groth16|c1_ctx_k16|Y_app,SUPPORTING-CONTROL/held-out-k,,,,,,MISSING
evm-petersburg|plonk|c1_k01|Y_dir,SUPPORTING-CONTROL/calibration,,,,,,MISSING
evm-petersburg|plonk|c1_ctx_k04|Y_dir,SUPPORTING-CONTROL/calibration,,,,,,MISSING
evm-petersburg|plonk|c1_ctx_k16|Y_dir,SUPPORTING-CONTROL/held-out-k,,,,,,MISSING
evm-petersburg|plonk|c1_k01|Y_app,SUPPORTING-CONTROL/calibration,,,,,,MISSING
evm-petersburg|plonk|c1_ctx_k04|Y_app,SUPPORTING-CONTROL/calibration,,,,,,MISSING
evm-petersburg|plonk|c1_ctx_k16|Y_app,SUPPORTING-CONTROL/held-out-k,,,,,,MISSING
zkos-v32|groth16|c1_k01|N_dir,CALIBRATION,36506865,36492392,36521338,36506865,0.0,TRANSFER-CHECK PASS
zkos-v32|groth16|c1_ctx_k02|N_dir,HELD-OUT-k/seen-in-P0-trace,37400509,37385682,37415335,37399701,-2.2e-05,PASS
zkos-v32|groth16|c1_ctx_k04|N_dir,HELD-OUT-k/seen-in-P0-trace,39187796,39172260,39203331,39185303,-6.4e-05,PASS
zkos-v32|groth16|c1_ctx_k06|N_dir,HELD-OUT-k/strictly-unseen,40975083,40958839,40991326,40968045,-0.000172,PASS
zkos-v32|groth16|c1_ctx_k08|N_dir,HELD-OUT-k/strictly-unseen,42762370,42745417,42779322,42752457,-0.000232,PASS
zkos-v32|groth16|c1_ctx_k12|N_dir,HELD-OUT-k/strictly-unseen,46336944,46318574,46355313,46321721,-0.000329,PASS
zkos-v32|groth16|c1_ctx_k16|N_dir,HELD-OUT-k/seen-in-P0-trace,49911518,49891732,49931304,49890945,-0.000412,FAIL
zkos-v32|groth16|c1_ctx_k24|N_dir,HELD-OUT-k/strictly-unseen,57060666,57038046,57083287,57029103,-0.000553,FAIL
zkos-v32|groth16|c1_ctx_k32|N_dir,HELD-OUT-k/seen-in-P0-trace,64209814,64184360,64235269,64167241,-0.000663,FAIL
zkos-v32|groth16|c1_ctx_k64|N_dir,LIMIT-CHECK,92806407,92769617,92843198,92720553,-0.000925,DESCRIPTIVE FAIL
zkos-v32|groth16|c1_a4|N_dir,SEMANTIC,39187796,39172260,39203331,39185283,-6.4e-05,PASS
zkos-v32|groth16|c1_a8|N_dir,SEMANTIC,42762370,42745417,42779322,42752457,-0.000232,PASS
zkos-v32|groth16|c1_disc_k04|N_dir,SEMANTIC,39187796,39172260,39203331,39185283,-6.4e-05,PASS
zkos-v32|plonk|c1_k01|N_dir,CALIBRATION,38683079,38365922,39000236,38666956.25,-0.000417,TRANSFER-CHECK PASS
zkos-v32|plonk|c1_ctx_k02|N_dir,HELD-OUT-k/seen-in-P0-trace,38714617,38397202,39032032,38689487.75,-0.000649,PASS
zkos-v32|plonk|c1_ctx_k04|N_dir,HELD-OUT-k/seen-in-P0-trace,38781539,38463575,39099503,38779623.75,-4.9e-05,PASS
zkos-v32|plonk|c1_ctx_k06|N_dir,HELD-OUT-k/strictly-unseen,38844615,38526134,39163096,38840837.5,-9.7e-05,PASS
zkos-v32|plonk|c1_ctx_k08|N_dir,HELD-OUT-k/strictly-unseen,38911537,38592507,39230567,38938756,0.0007,PASS
zkos-v32|plonk|c1_ctx_k12|N_dir,HELD-OUT-k/strictly-unseen,39041535,38721439,39361631,39108021.5,0.001703,PASS
zkos-v32|plonk|c1_ctx_k16|N_dir,HELD-OUT-k/seen-in-P0-trace,39167687,38846557,39488817,39260908.25,0.00238,PASS
zkos-v32|plonk|c1_ctx_k24|N_dir,HELD-OUT-k/strictly-unseen,39427683,39104421,39750945,39570620,0.003625,PASS
zkos-v32|plonk|c1_ctx_k32|N_dir,HELD-OUT-k/seen-in-P0-trace,39687679,39362286,40013072,39885069,0.004974,PASS
zkos-v32|plonk|c1_ctx_k64|N_dir,LIMIT-CHECK,40727663,40393743,41061583,41160692.25,0.010632,DESCRIPTIVE FAIL
zkos-v32|plonk|c1_a4|N_dir,SEMANTIC,38781539,38463575,39099503,38773826,-0.000199,PASS
zkos-v32|plonk|c1_a8|N_dir,SEMANTIC,38911537,38592507,39230567,38926391.5,0.000382,PASS
zkos-v32|plonk|c1_disc_k04|N_dir,SEMANTIC,38781539,38463575,39099503,38776236.25,-0.000137,PASS
zkos-v32|fflonk|c1_ff_k01|N_dir,HELD-OUT-BACKEND,,,,,,MISSING
zkos-v32|fflonk|c1_ff_k04|N_dir,HELD-OUT-BACKEND,,,,,,MISSING
zkos-v32|fflonk|c1_ff_k16|N_dir,HELD-OUT-BACKEND,,,,,,MISSING
zkos-v32|fflonk|c1_ff_k32|N_dir,HELD-OUT-BACKEND,,,,,,MISSING
zkos-v32@npg100|groth16|c1_k01|G_dir,CALIBRATION/binding=NATIVE,365069,364923,365214,365068,-3e-06,TRANSFER-CHECK PASS
zkos-v32@npg100|groth16|c1_ctx_k02|G_dir,HELD-OUT-k/binding=NATIVE,374005,373856,374154,373997,-2.1e-05,PASS
zkos-v32@npg100|groth16|c1_ctx_k04|G_dir,HELD-OUT-k/binding=NATIVE,391878,391722,392034,391853,-6.4e-05,PASS
zkos-v32@npg100|groth16|c1_ctx_k06|G_dir,HELD-OUT-k/binding=NATIVE,409751,409588,409914,409680,-0.000173,PASS
zkos-v32@npg100|groth16|c1_ctx_k08|G_dir,HELD-OUT-k/binding=NATIVE,427624,427454,427794,427524,-0.000234,PASS
zkos-v32@npg100|groth16|c1_ctx_k12|G_dir,HELD-OUT-k/binding=NATIVE,463369,463185,463554,463217,-0.000328,PASS
zkos-v32@npg100|groth16|c1_ctx_k16|G_dir,HELD-OUT-k/binding=NATIVE,499115,498917,499314,498909,-0.000413,FAIL
zkos-v32@npg100|groth16|c1_ctx_k24|G_dir,HELD-OUT-k/binding=NATIVE,570607,570380,570833,570291,-0.000554,FAIL
zkos-v32@npg100|groth16|c1_ctx_k32|G_dir,HELD-OUT-k/binding=NATIVE,642098,641843,642353,641672,-0.000663,FAIL
zkos-v32@npg100|groth16|c1_ctx_k64|G_dir,HELD-OUT-k/binding=NATIVE,928064,927696,928432,927205,-0.000926,FAIL
zkos-v32@npg100|plonk|c1_k01|G_dir,CALIBRATION/binding=NATIVE,386831,383659,390003,386669.12,-0.000418,TRANSFER-CHECK PASS
zkos-v32@npg100|plonk|c1_ctx_k02|G_dir,HELD-OUT-k/binding=NATIVE,387146,383972,390321,386894.25,-0.00065,PASS
zkos-v32@npg100|plonk|c1_ctx_k04|G_dir,HELD-OUT-k/binding=NATIVE,387815,384635,390996,387795.88,-4.9e-05,PASS
zkos-v32@npg100|plonk|c1_ctx_k06|G_dir,HELD-OUT-k/binding=NATIVE,388446,385261,391631,388407.88,-9.8e-05,PASS
zkos-v32@npg100|plonk|c1_ctx_k08|G_dir,HELD-OUT-k/binding=NATIVE,389115,385925,392306,389387.25,0.0007,PASS
zkos-v32@npg100|plonk|c1_ctx_k12|G_dir,HELD-OUT-k/binding=NATIVE,390415,387214,393617,391079.75,0.001703,PASS
zkos-v32@npg100|plonk|c1_ctx_k16|G_dir,HELD-OUT-k/binding=NATIVE,391677,388465,394889,392608.75,0.002379,PASS
zkos-v32@npg100|plonk|c1_ctx_k24|G_dir,HELD-OUT-k/binding=NATIVE,394277,391044,397510,395705.62,0.003623,PASS
zkos-v32@npg100|plonk|c1_ctx_k32|G_dir,HELD-OUT-k/binding=NATIVE,396877,393622,400131,398850.25,0.004972,PASS
zkos-v32@npg100|plonk|c1_ctx_k64|G_dir,HELD-OUT-k/binding=NATIVE,407277,403937,410616,411606.38,0.01063,FAIL
