allocation_profile,depth,stage,quantity,r1,r2,r3,r4,r5,median,min,max,cv,boot_median_lo95,boot_median_hi95,bootstrap_seed,precision
cpu2,5,prove_ms,PLONK/Groth16 within round,47.75539018243694,50.23749525585042,50.3781402974496,47.78893725107208,51.79616093909206,50.23749525585042,47.75539018243694,51.79616093909206,0.03567124892013498,47.75539018243694,51.79616093909206,6365745126870836482,COARSE (n = 5)
cpu2,5,wall_ms,PLONK/Groth16 within round,42.33236205276656,43.39906580672979,43.92375512525774,41.19315623748429,45.48306844545425,43.39906580672979,41.19315623748429,45.48306844545425,0.03750759185627537,41.19315623748429,45.48306844545425,12119747432774142962,COARSE (n = 5)
cpu2,6,prove_ms,PLONK/Groth16 within round,55.1628934908056,43.58552245628053,41.16558303886926,39.89366882303631,41.791295494158454,41.791295494158454,39.89366882303631,55.1628934908056,0.14002189218340022,39.89366882303631,55.1628934908056,11700549129231084962,COARSE (n = 5)
cpu2,6,wall_ms,PLONK/Groth16 within round,47.40620516244513,38.84378287296528,37.31111894937529,35.820828784638614,36.78768363429374,37.31111894937529,35.820828784638614,47.40620516244513,0.11973250433048825,35.820828784638614,47.40620516244513,1877749183425953635,COARSE (n = 5)
cpu2,7,prove_ms,PLONK/Groth16 within round,49.30296340198548,41.150181164977724,44.49375643572973,40.873048507792376,37.92216423071317,41.150181164977724,37.92216423071317,49.30296340198548,0.10154440311390957,37.92216423071317,49.30296340198548,3232443359491712112,COARSE (n = 5)
cpu2,7,wall_ms,PLONK/Groth16 within round,43.09714130701562,36.39699767594984,39.53888414113051,36.485174933067114,33.92058518508276,36.485174933067114,33.92058518508276,43.09714130701562,0.09312166107356228,33.92058518508276,43.09714130701562,8354951850103088615,COARSE (n = 5)
cpu2,8,prove_ms,PLONK/Groth16 within round,37.70443483345716,34.607255443730224,36.148914088252816,38.27910927908387,37.8370036056657,37.70443483345716,34.607255443730224,38.27910927908387,0.0411865705858152,34.607255443730224,38.27910927908387,9956014535140449528,COARSE (n = 5)
cpu2,8,wall_ms,PLONK/Groth16 within round,34.500130210683466,31.00141680007775,32.521372786446626,34.36335339282009,34.23955587130147,34.23955587130147,31.00141680007775,34.500130210683466,0.04585428021096942,31.00141680007775,34.500130210683466,11612465482619458845,COARSE (n = 5)
cpu2,9,prove_ms,PLONK/Groth16 within round,34.969461716766624,35.6386683844007,35.35658955286787,32.34683441361723,35.82845590064267,35.35658955286787,32.34683441361723,35.82845590064267,0.04089317357605174,32.34683441361723,35.82845590064267,16205431418732846495,COARSE (n = 5)
cpu2,9,wall_ms,PLONK/Groth16 within round,31.754006675214878,32.27169372505079,31.431355517179163,29.032356088062922,32.60359785860494,31.754006675214878,29.032356088062922,32.60359785860494,0.0448395070470434,29.032356088062922,32.60359785860494,8474777713845104211,COARSE (n = 5)
cpu2,10,prove_ms,PLONK/Groth16 within round,35.42196647961963,30.69845782717326,32.72946660372906,32.92897516071194,30.64484484133152,32.72946660372906,30.64484484133152,35.42196647961963,0.06052058259821068,30.64484484133152,35.42196647961963,3073878538220905691,COARSE (n = 5)
cpu2,10,wall_ms,PLONK/Groth16 within round,32.084281470017864,28.362347110677636,29.944585060464888,30.069489531172653,27.80595878004158,29.944585060464888,27.80595878004158,32.084281470017864,0.05654758794936987,27.80595878004158,32.084281470017864,14256545379213790095,COARSE (n = 5)
cpu2,11,prove_ms,PLONK/Groth16 within round,68.93651070532796,61.46652244456463,61.30040629959839,64.26961480028996,60.47399127172499,61.46652244456463,60.47399127172499,68.93651070532796,0.05476632631120399,60.47399127172499,68.93651070532796,14693946341818365465,COARSE (n = 5)
cpu2,11,wall_ms,PLONK/Groth16 within round,61.952433575853,55.13556019057653,54.75104050715864,56.82958242717423,54.65090724112611,55.13556019057653,54.65090724112611,61.952433575853,0.054425329379966414,54.65090724112611,61.952433575853,5596681774030803010,COARSE (n = 5)
cpu2,12,prove_ms,PLONK/Groth16 within round,61.76165581812629,55.58264890244775,58.0917667387467,55.09186514368528,56.708495844935555,56.708495844935555,55.09186514368528,61.76165581812629,0.04654598517530599,55.09186514368528,61.76165581812629,12973786890258221982,COARSE (n = 5)
cpu2,12,wall_ms,PLONK/Groth16 within round,54.6097057207284,50.34936016200612,52.65297391257479,49.09409439310546,50.79691350299285,50.79691350299285,49.09409439310546,54.6097057207284,0.04187816633676903,49.09409439310546,54.6097057207284,17271581127558260390,COARSE (n = 5)
cpu2,13,prove_ms,PLONK/Groth16 within round,54.406419909981466,55.61021861997185,55.841477949940405,52.686485412322035,52.58978728563538,54.406419909981466,52.58978728563538,55.841477949940405,0.028577178403798455,52.58978728563538,55.841477949940405,12466365833438591507,COARSE (n = 5)
cpu2,13,wall_ms,PLONK/Groth16 within round,47.17368116451654,47.35189518583763,48.051239373091335,45.705995546853856,44.8095017359124,47.17368116451654,44.8095017359124,48.051239373091335,0.028384704438829185,44.8095017359124,48.051239373091335,18062375322324562769,COARSE (n = 5)
cpu2,14,prove_ms,PLONK/Groth16 within round,54.370378872393374,50.678299511698796,54.55910241370073,53.056802247231936,54.40679982453844,54.370378872393374,50.678299511698796,54.55910241370073,0.03079575588709877,50.678299511698796,54.55910241370073,4412351606705585694,COARSE (n = 5)
cpu2,14,wall_ms,PLONK/Groth16 within round,46.065233850021556,42.81603073414561,43.9201260971919,43.28910957065776,45.01076019409211,43.9201260971919,42.81603073414561,46.065233850021556,0.02982529668572526,42.81603073414561,46.065233850021556,6851710766028790533,COARSE (n = 5)
cpu2,15,prove_ms,PLONK/Groth16 within round,51.87832369304355,47.511303555522865,47.78921298618861,45.87062972432082,49.18781884307769,47.78921298618861,45.87062972432082,51.87832369304355,0.04646349164067499,45.87062972432082,51.87832369304355,13655777238067646371,COARSE (n = 5)
cpu2,15,wall_ms,PLONK/Groth16 within round,38.97561994859474,35.5396435194037,36.00752022583666,34.930214865467114,36.94039233346214,36.00752022583666,34.930214865467114,38.97561994859474,0.04323441970014829,34.930214865467114,38.97561994859474,10589887019310258335,COARSE (n = 5)
cpu4,5,prove_ms,PLONK/Groth16 within round,74.40860982718522,70.91461541159552,73.50344570814396,71.02233789369667,79.34036369159394,73.50344570814396,70.91461541159552,79.34036369159394,0.046516286103536676,70.91461541159552,79.34036369159394,1749830818772609123,COARSE (n = 5)
cpu4,5,wall_ms,PLONK/Groth16 within round,64.21876881539836,61.54963074531143,62.875158158584334,61.265026831488676,68.30120924936395,62.875158158584334,61.265026831488676,68.30120924936395,0.04489668519596927,61.265026831488676,68.30120924936395,11834058468896750454,COARSE (n = 5)
cpu4,6,prove_ms,PLONK/Groth16 within round,65.13069223177781,67.17716343941845,65.07585042402626,62.46559278271104,72.66201854176971,65.13069223177781,62.46559278271104,72.66201854176971,0.05755915583802117,62.46559278271104,72.66201854176971,18543246759874474,COARSE (n = 5)
cpu4,6,wall_ms,PLONK/Groth16 within round,56.97951500573379,58.808605656359234,57.376789021954984,55.206087046283066,63.245026437541306,57.376789021954984,55.206087046283066,63.245026437541306,0.05206067275234464,55.206087046283066,63.245026437541306,1288617265114082848,COARSE (n = 5)
cpu4,7,prove_ms,PLONK/Groth16 within round,61.69380296032295,58.90423183179018,64.80553103505477,61.31782484176932,66.90566101295245,61.69380296032295,58.90423183179018,66.90566101295245,0.05006574867027685,58.90423183179018,66.90566101295245,2227216454486601164,COARSE (n = 5)
cpu4,7,wall_ms,PLONK/Groth16 within round,53.02538118549469,52.14711903169652,56.8545834608462,53.78225936629436,59.447662867301055,53.78225936629436,52.14711903169652,59.447662867301055,0.05504345449157928,52.14711903169652,59.447662867301055,17916182269486408629,COARSE (n = 5)
cpu4,8,prove_ms,PLONK/Groth16 within round,50.638199625251524,53.90998958311188,51.18897437686244,51.8848526912615,52.23734507418624,51.8848526912615,50.638199625251524,53.90998958311188,0.024005168684347156,50.638199625251524,53.90998958311188,11104555535308944086,COARSE (n = 5)
cpu4,8,wall_ms,PLONK/Groth16 within round,45.6573030709985,47.43085960099285,46.104102401088845,46.16115313193533,46.411917040004695,46.16115313193533,45.6573030709985,47.43085960099285,0.014261410717606443,45.6573030709985,47.43085960099285,12551458171577260607,COARSE (n = 5)
cpu4,9,prove_ms,PLONK/Groth16 within round,48.63754898502083,49.10983923630062,49.453959497713576,49.991330428773765,55.69008419219751,49.453959497713576,48.63754898502083,55.69008419219751,0.057357474644313684,48.63754898502083,55.69008419219751,5042633320314035986,COARSE (n = 5)
cpu4,9,wall_ms,PLONK/Groth16 within round,43.90198813642255,43.80840639724615,44.10847683829861,44.77629862454801,49.88354616340829,44.10847683829861,43.80840639724615,49.88354616340829,0.05723267983010196,43.80840639724615,49.88354616340829,5952873860017176550,COARSE (n = 5)
cpu4,10,prove_ms,PLONK/Groth16 within round,47.618205668513376,46.78888281662483,46.25981238979243,47.049942409583046,51.629801428990014,47.049942409583046,46.25981238979243,51.629801428990014,0.04508790871372712,46.25981238979243,51.629801428990014,11730857474152286822,COARSE (n = 5)
cpu4,10,wall_ms,PLONK/Groth16 within round,42.78918249587245,42.01685705515874,41.63002156617845,42.38141543097952,46.08313531565089,42.38141543097952,41.63002156617845,46.08313531565089,0.041578618559846896,41.63002156617845,46.08313531565089,11208424430451392459,COARSE (n = 5)
cpu4,11,prove_ms,PLONK/Groth16 within round,83.54638018737047,85.90800419433765,85.49774932308048,85.09669787945515,91.9889519073241,85.49774932308048,83.54638018737047,91.9889519073241,0.03756076255494216,83.54638018737047,91.9889519073241,13019219034148046848,COARSE (n = 5)
cpu4,11,wall_ms,PLONK/Groth16 within round,74.60388465150369,76.38917012882729,75.65097437063999,75.627539727745,81.14364671237693,75.65097437063999,74.60388465150369,81.14364671237693,0.033556352267460426,74.60388465150369,81.14364671237693,9852325272026996167,COARSE (n = 5)
cpu4,12,prove_ms,PLONK/Groth16 within round,80.48493977134775,78.03459837833756,81.01561406542017,83.80551876191045,89.91662965935619,81.01561406542017,78.03459837833756,89.91662965935619,0.05504704362683438,78.03459837833756,89.91662965935619,6633635758164437527,COARSE (n = 5)
cpu4,12,wall_ms,PLONK/Groth16 within round,69.95710315096854,69.4295873015873,71.23274631987718,72.05617285760357,79.11843711406632,71.23274631987718,69.4295873015873,79.11843711406632,0.05414586355758786,69.4295873015873,79.11843711406632,15130461260024739258,COARSE (n = 5)
cpu4,13,prove_ms,PLONK/Groth16 within round,82.9033491256856,80.92518553986115,77.82620115884053,78.94286684837554,87.63857143422652,80.92518553986115,77.82620115884053,87.63857143422652,0.0473996650850566,77.82620115884053,87.63857143422652,9271943769168756578,COARSE (n = 5)
cpu4,13,wall_ms,PLONK/Groth16 within round,67.425283677923,65.82232654386922,64.41517931716845,65.46251668210842,72.766185257331,65.82232654386922,64.41517931716845,72.766185257331,0.049203501450596134,64.41517931716845,72.766185257331,13470151081974411711,COARSE (n = 5)
cpu4,14,prove_ms,PLONK/Groth16 within round,76.07434382513915,77.31436257291352,77.92050044905116,75.10000612759178,85.02902327011395,77.31436257291352,75.10000612759178,85.02902327011395,0.05012158633926873,75.10000612759178,85.02902327011395,17488700561972352719,COARSE (n = 5)
cpu4,14,wall_ms,PLONK/Groth16 within round,60.37380161279426,60.55773142807527,59.14664294326972,57.50410112704289,67.20230083996998,60.37380161279426,57.50410112704289,67.20230083996998,0.06066713312882455,57.50410112704289,67.20230083996998,16932872174398752981,COARSE (n = 5)
cpu4,15,prove_ms,PLONK/Groth16 within round,72.68228708013586,71.36730469635685,75.73483561278525,74.51826245218685,82.50561889553238,74.51826245218685,71.36730469635685,82.50561889553238,0.0574658619782362,71.36730469635685,82.50561889553238,9215080592548488714,COARSE (n = 5)
cpu4,15,wall_ms,PLONK/Groth16 within round,48.72697785647964,47.060091096436324,50.2587060179431,48.418005921557636,54.36361912264577,48.72697785647964,47.060091096436324,54.36361912264577,0.05647830058231072,47.060091096436324,54.36361912264577,6212211928426208872,COARSE (n = 5)
cpu8,5,prove_ms,PLONK/Groth16 within round,91.79254489807704,93.89632493271348,92.9771086943696,89.34695802250243,88.50563567723187,91.79254489807704,88.50563567723187,93.89632493271348,0.025344333901228786,88.50563567723187,93.89632493271348,2878412847556064881,COARSE (n = 5)
cpu8,5,wall_ms,PLONK/Groth16 within round,77.26053999014086,74.62829000985742,78.05847124628274,73.37689805191293,74.619720777193,74.62829000985742,73.37689805191293,78.05847124628274,0.026166447728627397,73.37689805191293,78.05847124628274,1509258189730267934,COARSE (n = 5)
cpu8,6,prove_ms,PLONK/Groth16 within round,87.56049898324869,88.46204071995497,86.96752747956178,84.52457034363553,88.11660234451965,87.56049898324869,84.52457034363553,88.46204071995497,0.01791722134580813,84.52457034363553,88.46204071995497,14796222799152444778,COARSE (n = 5)
cpu8,6,wall_ms,PLONK/Groth16 within round,73.0879160939007,74.50384242618497,73.44653850599067,71.7334546695484,73.95794038842887,73.44653850599067,71.7334546695484,74.50384242618497,0.014286618359000068,71.7334546695484,74.50384242618497,16366536900777099003,COARSE (n = 5)
cpu8,7,prove_ms,PLONK/Groth16 within round,82.4530963440344,80.0608652370484,79.24274585357682,77.27380691457842,82.78007897083174,80.0608652370484,77.27380691457842,82.78007897083174,0.028579937658590498,77.27380691457842,82.78007897083174,6350279104873056637,COARSE (n = 5)
cpu8,7,wall_ms,PLONK/Groth16 within round,68.89633318566999,69.25224451222131,67.23095467695275,65.33429651337953,70.11103217658372,68.89633318566999,65.33429651337953,70.11103217658372,0.02782458988310944,65.33429651337953,70.11103217658372,10743524933090083802,COARSE (n = 5)
cpu8,8,prove_ms,PLONK/Groth16 within round,67.44148189337596,67.70147226329529,66.73557400426392,68.43568992427308,69.42550582464746,67.70147226329529,66.73557400426392,69.42550582464746,0.015095264993727651,66.73557400426392,69.42550582464746,10643843488511901089,COARSE (n = 5)
cpu8,8,wall_ms,PLONK/Groth16 within round,57.21655889811312,57.61777339877802,58.63004968475241,59.60447011551983,60.40129445786752,58.63004968475241,57.21655889811312,60.40129445786752,0.022681325828877743,57.21655889811312,60.40129445786752,4586755294383203285,COARSE (n = 5)
cpu8,9,prove_ms,PLONK/Groth16 within round,65.33044728129812,66.10730006210206,64.06023671082515,64.37615645385665,66.93089681009612,65.33044728129812,64.06023671082515,66.93089681009612,0.018238647688518447,64.06023671082515,66.93089681009612,16971226079092142052,COARSE (n = 5)
cpu8,9,wall_ms,PLONK/Groth16 within round,57.28367395578859,57.65569740514221,56.57623289439711,56.03139949348091,58.27913895486936,57.28367395578859,56.03139949348091,58.27913895486936,0.01546900503352622,56.03139949348091,58.27913895486936,17359694368859452445,COARSE (n = 5)
cpu8,10,prove_ms,PLONK/Groth16 within round,62.460155952219445,62.689286862581184,59.980672167794964,61.479395479713176,62.23491596263873,62.23491596263873,59.980672167794964,62.689286862581184,0.01777828661097176,59.980672167794964,62.689286862581184,2131382196082017671,COARSE (n = 5)
cpu8,10,wall_ms,PLONK/Groth16 within round,54.69279684925632,54.92661060962038,52.54724289627314,53.54895577533963,54.14334599289075,54.14334599289075,52.54724289627314,54.92661060962038,0.017745254852579214,52.54724289627314,54.92661060962038,10792066219812053991,COARSE (n = 5)
cpu8,11,prove_ms,PLONK/Groth16 within round,114.8187154843631,118.50102138684404,114.98634954105681,116.23138263744187,117.84800846962078,116.23138263744187,114.8187154843631,118.50102138684404,0.014242805279383373,114.8187154843631,118.50102138684404,13849064715190268832,COARSE (n = 5)
cpu8,11,wall_ms,PLONK/Groth16 within round,98.8072117325671,102.21837952085146,97.69680867854248,99.85364230079774,101.65725812864817,99.85364230079774,97.69680867854248,102.21837952085146,0.018968557590685598,97.69680867854248,102.21837952085146,5414515591552673010,COARSE (n = 5)
cpu8,12,prove_ms,PLONK/Groth16 within round,109.8819700319332,111.06529237653531,108.70507961019666,108.13295247836625,111.02131853433612,109.8819700319332,108.13295247836625,111.06529237653531,0.012112166096160745,108.13295247836625,111.06529237653531,2013180851800719104,COARSE (n = 5)
cpu8,12,wall_ms,PLONK/Groth16 within round,90.655959437401,95.17893855667228,93.15159187226995,88.64003153660192,94.69221969678047,93.15159187226995,88.64003153660192,95.17893855667228,0.029961972456215145,88.64003153660192,95.17893855667228,1476322069979150103,COARSE (n = 5)
cpu8,13,prove_ms,PLONK/Groth16 within round,103.98085222952724,104.8603300528888,105.34405996393147,103.70553364113138,103.85976593581469,103.98085222952724,103.70553364113138,105.34405996393147,0.006844605359697825,103.70553364113138,105.34405996393147,7888567598592296315,COARSE (n = 5)
cpu8,13,wall_ms,PLONK/Groth16 within round,79.91653844340532,80.74249544821676,82.12026118013104,82.04614160348372,79.5472101102111,80.74249544821676,79.5472101102111,82.12026118013104,0.014658297531342642,79.5472101102111,82.12026118013104,10752357956187656512,COARSE (n = 5)
cpu8,14,prove_ms,PLONK/Groth16 within round,101.3858899158027,102.292652725002,98.97065124706886,99.98297874628922,102.14020432024633,101.3858899158027,98.97065124706886,102.292652725002,0.014236101448429317,98.97065124706886,102.292652725002,12578428804071510903,COARSE (n = 5)
cpu8,14,wall_ms,PLONK/Groth16 within round,75.36174117213386,75.14997120801817,69.35166176180607,70.59567964287066,75.05170965481734,75.05170965481734,69.35166176180607,75.36174117213386,0.039557534579137694,69.35166176180607,75.36174117213386,1359943146221952934,COARSE (n = 5)
cpu8,15,prove_ms,PLONK/Groth16 within round,98.9899507582001,98.57973120986706,96.72663541623069,93.4841924050633,100.63133182316093,98.57973120986706,93.4841924050633,100.63133182316093,0.027918612783883717,93.4841924050633,100.63133182316093,8849987029298731973,COARSE (n = 5)
cpu8,15,wall_ms,PLONK/Groth16 within round,59.208749101695695,56.802489914776515,57.34904184350419,53.28341556499166,59.4983275817956,57.34904184350419,53.28341556499166,59.4983275817956,0.043538633385072786,53.28341556499166,59.4983275817956,5632510294903276290,COARSE (n = 5)
