allocation_profile,backend,depth,quantity,n,median,q1,q3,iqr,min,max,cv,boot_median_lo95,boot_median_hi95,bootstrap_seed,precision
cpu2,groth16,5,prove_ms_path,5,250.639,245.352,253.435,8.082999999999998,245.232,267.482,0.03612868389921,245.232,267.482,6211074716370631927,COARSE (n = 5)
cpu2,groth16,5,prove_ms_mem,5,258.299,256.277,263.846,7.569000000000017,238.242,266.968,0.043546457867688515,238.242,266.968,2158330345852271078,COARSE (n = 5)
cpu2,groth16,5,path_minus_mem_ms,5,-5.637999999999977,-13.533000000000015,7.110000000000014,20.64300000000003,-18.614000000000004,9.18300000000005,-2.858569461786202,-18.614000000000004,9.18300000000005,18431149227241861501,COARSE (n = 5)
cpu2,groth16,7,prove_ms_path,5,317.038,312.569,319.067,6.4979999999999905,286.121,322.577,0.046962316953469356,286.121,322.577,10755453363573393421,COARSE (n = 5)
cpu2,groth16,7,prove_ms_mem,5,311.246,298.035,316.039,18.003999999999962,275.849,321.061,0.05956885085191951,275.849,321.061,13390542505087827700,COARSE (n = 5)
cpu2,groth16,7,path_minus_mem_ms,5,6.538000000000011,1.323000000000036,19.002999999999986,17.67999999999995,-34.94,43.21800000000002,4.05386406508972,-34.94,43.21800000000002,10200236210904338107,COARSE (n = 5)
cpu2,groth16,8,prove_ms_path,5,353.87,338.76,355.758,16.99799999999999,321.147,370.994,0.05431155675717549,321.147,370.994,12566271442399929269,COARSE (n = 5)
cpu2,groth16,8,prove_ms_mem,5,338.96,336.25,343.08,6.829999999999984,331.833,344.618,0.015267990487620122,331.833,344.618,17128591947779740744,COARSE (n = 5)
cpu2,groth16,8,path_minus_mem_ms,5,16.798000000000002,6.926999999999964,17.620000000000005,10.69300000000004,-21.932999999999993,26.376000000000033,2.0415103347085743,-21.932999999999993,26.376000000000033,7198466213968281442,COARSE (n = 5)
cpu2,groth16,15,prove_ms_path,5,459.453,459.365,468.44,9.074999999999989,458.513,480.205,0.02003428663826027,458.513,480.205,3717912134267471324,COARSE (n = 5)
cpu2,groth16,15,prove_ms_mem,5,450.48,449.357,462.246,12.888999999999953,446.621,477.83,0.028292170401564145,446.621,477.83,17620300094475197475,COARSE (n = 5)
cpu2,groth16,15,path_minus_mem_ms,5,8.032999999999959,2.375,12.831999999999994,10.456999999999994,-2.880999999999972,19.08299999999997,1.090791819279183,-2.880999999999972,19.08299999999997,12200697698474231646,COARSE (n = 5)
cpu2,plonk,5,prove_ms_path,5,12033.303,11939.935,12093.447,153.51200000000063,11929.389,12124.98,0.007336069991212025,11929.389,12124.98,11408051994399310445,COARSE (n = 5)
cpu2,plonk,5,prove_ms_mem,5,11941.774,11871.296,11942.516,71.21999999999935,11861.447,12022.521,0.005462167726301985,11861.447,12022.521,14761923925976252285,COARSE (n = 5)
cpu2,plonk,5,path_minus_mem_ms,5,90.78700000000026,68.63899999999921,102.45899999999892,33.81999999999971,67.9419999999991,151.67300000000068,0.35609695832911725,67.9419999999991,151.67300000000068,684235891457234186,COARSE (n = 5)
cpu2,plonk,10,prove_ms_path,5,12000.809,11989.247,12103.509,114.26200000000063,11956.192,12263.603,0.010370599596690566,11956.192,12263.603,1237997666331619848,COARSE (n = 5)
cpu2,plonk,10,prove_ms_mem,5,11942.917,11928.49,11986.117,57.62700000000041,11844.376,12123.755,0.0085660269229662,11844.376,12123.755,11062832229685890029,COARSE (n = 5)
cpu2,plonk,10,path_minus_mem_ms,5,111.8159999999989,60.75699999999961,117.39199999999983,56.63500000000022,57.891999999999825,139.84799999999996,0.37363331586895715,57.891999999999825,139.84799999999996,3786614160990454457,COARSE (n = 5)
cpu2,plonk,11,prove_ms_path,5,23240.774,23056.511,23329.279,272.76800000000003,22920.026,23356.246,0.008067066145058649,22920.026,23356.246,4661455796807494239,COARSE (n = 5)
cpu2,plonk,11,prove_ms_mem,5,23140.916,23043.405,23194.848,151.44300000000294,23005.734,23556.842,0.009458964241884228,23005.734,23556.842,2439648536612894941,COARSE (n = 5)
cpu2,plonk,11,path_minus_mem_ms,5,-84.40500000000247,-123.37899999999718,134.43099999999686,257.80999999999403,-316.0679999999993,350.5119999999988,-32.9429921464194,-316.0679999999993,350.5119999999988,4473076404949777660,COARSE (n = 5)
cpu2,plonk,15,prove_ms_path,5,23387.447,23203.103,23410.627,207.52400000000125,23049.568,23543.27,0.008287880679701815,23049.568,23543.27,16072915965743263808,COARSE (n = 5)
cpu2,plonk,15,prove_ms_mem,5,23455.985,23121.743,23516.423,394.6800000000003,22799.159,23520.191,0.013595245590323681,22799.159,23520.191,9050036010554274205,COARSE (n = 5)
cpu2,plonk,15,path_minus_mem_ms,5,-45.358000000000175,-72.17499999999927,23.079000000001543,95.25400000000081,-128.97599999999875,403.9439999999995,5.8935045274897595,-128.97599999999875,403.9439999999995,10626356921224519578,COARSE (n = 5)
cpu4,groth16,5,prove_ms_path,5,147.066,143.448,150.363,6.914999999999992,143.225,150.476,0.024119973169443476,143.225,150.476,11211020682418946568,COARSE (n = 5)
cpu4,groth16,5,prove_ms_mem,5,143.305,142.184,144.52,2.3360000000000127,139.297,146.349,0.018455583398736795,139.297,146.349,801918264670442838,COARSE (n = 5)
cpu4,groth16,5,path_minus_mem_ms,5,3.9279999999999973,0.717000000000013,5.955999999999989,5.238999999999976,0.14300000000000068,8.179000000000002,0.9030063564375842,0.14300000000000068,8.179000000000002,4695785436073251,COARSE (n = 5)
cpu4,groth16,7,prove_ms_path,5,172.452,167.691,172.822,5.131,166.97,291.043,0.2791261783872258,166.97,291.043,14472336877729861859,COARSE (n = 5)
cpu4,groth16,7,prove_ms_mem,5,173.795,162.603,174.573,11.969999999999999,162.306,364.454,0.42357058754598453,162.306,364.454,4183604938589406950,COARSE (n = 5)
cpu4,groth16,7,path_minus_mem_ms,5,-2.1210000000000093,-6.824999999999989,5.087999999999994,11.912999999999982,-73.411,10.515999999999991,-2.5635916036545763,-73.411,10.515999999999991,14406019805031067706,COARSE (n = 5)
cpu4,groth16,8,prove_ms_path,5,193.823,193.455,195.882,2.4269999999999925,186.972,351.385,0.3170674318204776,186.972,351.385,14003546466458880913,COARSE (n = 5)
cpu4,groth16,8,prove_ms_mem,5,189.669,186.754,191.316,4.562000000000012,186.544,250.987,0.13919458364601162,186.544,250.987,11871098305854354879,COARSE (n = 5)
cpu4,groth16,8,path_minus_mem_ms,5,7.278999999999996,3.7860000000000014,9.128000000000014,5.342000000000013,-4.343999999999994,100.398,1.8682446226658127,-4.343999999999994,100.398,17646684644225767368,COARSE (n = 5)
cpu4,groth16,15,prove_ms_path,5,264.846,262.847,265.44,2.5930000000000177,254.091,283.985,0.040997857958242456,254.091,283.985,11318398232154245263,COARSE (n = 5)
cpu4,groth16,15,prove_ms_mem,5,261.792,258.822,262.81,3.9879999999999995,250.868,462.324,0.304822697339422,250.868,462.324,14848662600109713174,COARSE (n = 5)
cpu4,groth16,15,path_minus_mem_ms,5,3.223000000000013,0.03699999999997772,3.6480000000000246,3.611000000000047,-178.339,6.024000000000001,-2.455441504371752,-178.339,6.024000000000001,17570496070662572176,COARSE (n = 5)
cpu4,plonk,5,prove_ms_path,5,10312.36,10216.882,10383.597,166.71500000000015,10030.699,10437.673,0.015593029872909765,10030.699,10437.673,1941157368880760616,COARSE (n = 5)
cpu4,plonk,5,prove_ms_mem,5,10079.752,10049.161,10276.829,227.66799999999967,10029.936,10281.888,0.012351535633633736,10029.936,10281.888,16180812737380320765,COARSE (n = 5)
cpu4,plonk,5,path_minus_mem_ms,5,155.78499999999985,106.76800000000003,167.72099999999955,60.95299999999952,0.7630000000008295,232.60800000000017,0.6505251084643764,0.7630000000008295,232.60800000000017,14050755597807041491,COARSE (n = 5)
cpu4,plonk,10,prove_ms_path,5,10262.009,10207.876,10627.085,419.2089999999989,10110.25,11407.871,0.05054503787725486,10110.25,11407.871,16242448596792923786,COARSE (n = 5)
cpu4,plonk,10,prove_ms_mem,5,10195.12,10186.54,10410.214,223.67399999999907,10140.682,11397.812,0.05075441339390999,10140.682,11397.812,6829230986185963348,COARSE (n = 5)
cpu4,plonk,10,path_minus_mem_ms,5,12.755999999999403,10.058999999999287,75.46899999999914,65.40999999999985,-30.4320000000007,216.87099999999919,1.704974558788301,-30.4320000000007,216.87099999999919,15495580317221539007,COARSE (n = 5)
cpu4,plonk,11,prove_ms_path,5,19768.343,19687.462,20168.544,481.08200000000215,19686.788,22155.743,0.05223573550973445,19686.788,22155.743,9863073440865342412,COARSE (n = 5)
cpu4,plonk,11,prove_ms_mem,5,19789.901,19655.618,20073.799,418.1810000000005,19278.297,20588.536,0.024646888269065033,19278.297,20588.536,13904890854733285886,COARSE (n = 5)
cpu4,plonk,11,path_minus_mem_ms,5,94.74500000000262,31.17000000000189,409.1650000000009,377.994999999999,-21.558000000000902,1567.2069999999985,1.5976272280283803,-21.558000000000902,1567.2069999999985,15271558171416904880,COARSE (n = 5)
cpu4,plonk,15,prove_ms_path,5,19882.882,19813.927,20167.767,353.84000000000015,19508.557,22191.692,0.05297496181820632,19508.557,22191.692,5369536941934969241,COARSE (n = 5)
cpu4,plonk,15,prove_ms_mem,5,19736.09,19636.018,20012.64,376.6219999999994,19539.893,22248.395,0.05631563681714943,19539.893,22248.395,17599138523915161699,COARSE (n = 5)
cpu4,plonk,15,path_minus_mem_ms,5,-31.33599999999933,-56.70300000000134,177.90899999999965,234.612000000001,-129.757999999998,431.6769999999997,2.912493491834145,-129.757999999998,431.6769999999997,15669236409151885631,COARSE (n = 5)
cpu8,groth16,5,prove_ms_path,5,103.061,101.847,103.072,1.2250000000000085,101.229,106.318,0.019047943653377947,101.229,106.318,5992893242265992262,COARSE (n = 5)
cpu8,groth16,5,prove_ms_mem,5,102.163,101.383,103.856,2.472999999999999,100.489,104.655,0.016817304405729656,100.489,104.655,16236542374949318034,COARSE (n = 5)
cpu8,groth16,5,path_minus_mem_ms,5,1.3579999999999899,0.909000000000006,1.6780000000000115,0.7690000000000055,-3.426000000000002,2.4620000000000033,3.8893389515598042,-3.426000000000002,2.4620000000000033,15558204391545815914,COARSE (n = 5)
cpu8,groth16,7,prove_ms_path,5,120.173,120.121,120.485,0.3640000000000043,119.341,121.609,0.006833264376582439,119.341,121.609,3886026195003223048,COARSE (n = 5)
cpu8,groth16,7,prove_ms_mem,5,121.863,120.08,123.995,3.9150000000000063,118.195,124.249,0.02123244704904078,118.195,124.249,3994952179211739311,COARSE (n = 5)
cpu8,groth16,7,path_minus_mem_ms,5,-1.3780000000000001,-2.38600000000001,-0.7390000000000043,1.6470000000000056,-4.128,1.9780000000000086,-1.6904815511222888,-4.128,1.9780000000000086,14592822087903715792,COARSE (n = 5)
cpu8,groth16,8,prove_ms_path,5,141.394,140.867,142.44,1.5730000000000075,139.461,144.781,0.01401776044100936,139.461,144.781,5460393321046444731,COARSE (n = 5)
cpu8,groth16,8,prove_ms_mem,5,139.82,138.981,139.918,0.9370000000000118,137.943,144.696,0.018519119666184834,137.943,144.696,10802941894896100558,COARSE (n = 5)
cpu8,groth16,8,path_minus_mem_ms,5,1.046999999999997,0.4800000000000182,1.475999999999999,0.9959999999999809,-2.2560000000000002,6.837999999999994,2.1824886236321355,-2.2560000000000002,6.837999999999994,265444737512194462,COARSE (n = 5)
cpu8,groth16,15,prove_ms_path,5,192.322,192.104,192.985,0.8810000000000002,190.821,193.919,0.005943322034644575,190.821,193.919,4266943070612240399,COARSE (n = 5)
cpu8,groth16,15,prove_ms_mem,5,189.626,189.106,191.294,2.1880000000000166,189.08,197.558,0.018790238246077173,189.08,197.558,12273626023208104688,COARSE (n = 5)
cpu8,groth16,15,path_minus_mem_ms,5,2.695999999999998,-0.4730000000000132,3.024000000000001,3.497000000000014,-4.572999999999979,4.813000000000017,3.3695295895550568,-4.572999999999979,4.813000000000017,6513607671643536666,COARSE (n = 5)
cpu8,plonk,5,prove_ms_path,5,9582.804,9442.414,10028.634,586.2199999999993,9424.979,10379.292,0.04279569089434161,9424.979,10379.292,1040662805439164494,COARSE (n = 5)
cpu8,plonk,5,prove_ms_mem,5,9383.722,9374.559,9398.529,23.970000000001164,9344.954,9399.888,0.0023897301625404295,9344.954,9399.888,6338929360222469557,COARSE (n = 5)
cpu8,plonk,5,path_minus_mem_ms,5,237.85000000000036,67.85500000000138,628.7459999999992,560.8909999999978,41.25699999999961,980.762999999999,1.033796338310083,41.25699999999961,980.762999999999,6525627836837081143,COARSE (n = 5)
cpu8,plonk,10,prove_ms_path,5,9519.585,9486.173,9529.047,42.873999999999796,9424.932,9559.678,0.005401127286690444,9424.932,9559.678,6082592408178368565,COARSE (n = 5)
cpu8,plonk,10,prove_ms_mem,5,9447.39,9374.761,9460.742,85.98099999999977,9321.132,9542.905,0.00901386199065645,9321.132,9542.905,4256102699340463673,COARSE (n = 5)
cpu8,plonk,10,path_minus_mem_ms,5,50.17100000000028,38.783000000001266,58.84299999999894,20.05999999999767,-13.858000000000175,238.54600000000028,1.28806509568947,-13.858000000000175,238.54600000000028,6763304568349095685,COARSE (n = 5)
cpu8,plonk,11,prove_ms_path,5,18589.433,18492.73,18618.328,125.59800000000178,18438.332,21246.117,0.06367602272735079,18438.332,21246.117,63275020866016150,COARSE (n = 5)
cpu8,plonk,11,prove_ms_mem,5,18515.791,18507.894,18804.119,296.22499999999854,18467.329,21061.015,0.0587479698593813,18467.329,21061.015,17397979598770049479,COARSE (n = 5)
cpu8,plonk,11,path_minus_mem_ms,5,102.53700000000026,-69.56200000000172,122.10399999999936,191.66600000000108,-311.3889999999992,185.10199999999895,34.87507800734903,-311.3889999999992,185.10199999999895,15155778354919630042,COARSE (n = 5)
cpu8,plonk,15,prove_ms_path,5,18690.04,18538.26,18713.194,174.9340000000011,18424.468,18715.592,0.006981816418539318,18424.468,18715.592,11702938829439240105,COARSE (n = 5)
cpu8,plonk,15,prove_ms_mem,5,18566.924,18434.487,18588.519,154.03199999999924,18431.228,18596.059,0.004501844498259837,18431.228,18596.059,14754146210114193036,COARSE (n = 5)
cpu8,plonk,15,path_minus_mem_ms,5,103.77299999999741,93.98099999999977,124.67499999999927,30.693999999999505,-142.4559999999983,284.3640000000014,1.6434933260020081,-142.4559999999983,284.3640000000014,3040397841214852586,COARSE (n = 5)
