campaign_id,profile_id,backend,depth,metric,rounds_used,round_attempts_used,n,median,q1,q3,iqr,min,max
campaign-20260925T060607Z,cpu2,groth16,10,input_ms,1 2 3 4 5 6 7 8 9 10,1a1 2a1 3a1 4a1 5a1 6a1 7a1 8a1 9a1 10a1,10,2.8034999999999997,2.66625,3.023,0.35675000000000034,2.594,3.459
campaign-20260925T060607Z,cpu2,groth16,10,witness_ms,1 2 3 4 5 6 7 8 9 10,1a1 2a1 3a1 4a1 5a1 6a1 7a1 8a1 9a1 10a1,10,24.813499999999998,22.36025,26.53425,4.1739999999999995,21.351,30.308
campaign-20260925T060607Z,cpu2,groth16,10,prove_ms,1 2 3 4 5 6 7 8 9 10,1a1 2a1 3a1 4a1 5a1 6a1 7a1 8a1 9a1 10a1,10,380.75300000000004,373.515,391.85425,18.339249999999993,353.367,398.882
campaign-20260925T060607Z,cpu2,groth16,10,verify_first_ms,1 2 3 4 5 6 7 8 9 10,1a1 2a1 3a1 4a1 5a1 6a1 7a1 8a1 9a1 10a1,10,11.168,10.827,11.87325,1.0462500000000006,9.812,21.82
campaign-20260925T060607Z,cpu2,groth16,10,verify_steady_ms,1 2 3 4 5 6 7 8 9 10,1a1 2a1 3a1 4a1 5a1 6a1 7a1 8a1 9a1 10a1,10,10.7375,10.15325,11.70275,1.5495,9.991,12.214
campaign-20260925T060607Z,cpu2,groth16,10,stage_sum_ms,1 2 3 4 5 6 7 8 9 10,1a1 2a1 3a1 4a1 5a1 6a1 7a1 8a1 9a1 10a1,10,419.9045,410.165,433.091,22.925999999999988,391.467,441.081
campaign-20260925T060607Z,cpu2,groth16,10,wall_ms,1 2 3 4 5 6 7 8 9 10,1a1 2a1 3a1 4a1 5a1 6a1 7a1 8a1 9a1 10a1,10,419.92,410.18375000000003,433.11475,22.930999999999983,391.486,441.097
campaign-20260925T060607Z,cpu2,groth16,11,input_ms,1 2 3 4 5 6 7 8 9 10,1a1 2a1 3a1 4a1 5a1 6a1 7a1 8a1 9a1 10a1,10,6.436999999999999,5.78475,7.1615,1.3767500000000004,5.535,7.681
campaign-20260925T060607Z,cpu2,groth16,11,witness_ms,1 2 3 4 5 6 7 8 9 10,1a1 2a1 3a1 4a1 5a1 6a1 7a1 8a1 9a1 10a1,10,27.122999999999998,24.9785,28.50875,3.5302499999999988,24.248,30.73
campaign-20260925T060607Z,cpu2,groth16,11,prove_ms,1 2 3 4 5 6 7 8 9 10,1a1 2a1 3a1 4a1 5a1 6a1 7a1 8a1 9a1 10a1,10,387.7685,378.5335,405.8725,27.339,360.047,429.876
campaign-20260925T060607Z,cpu2,groth16,11,verify_first_ms,1 2 3 4 5 6 7 8 9 10,1a1 2a1 3a1 4a1 5a1 6a1 7a1 8a1 9a1 10a1,10,11.087,10.687999999999999,11.62975,0.9417500000000008,10.38,12.682
campaign-20260925T060607Z,cpu2,groth16,11,verify_steady_ms,1 2 3 4 5 6 7 8 9 10,1a1 2a1 3a1 4a1 5a1 6a1 7a1 8a1 9a1 10a1,10,10.353,9.95125,10.895499999999998,0.9442499999999985,9.408,12.718
campaign-20260925T060607Z,cpu2,groth16,11,stage_sum_ms,1 2 3 4 5 6 7 8 9 10,1a1 2a1 3a1 4a1 5a1 6a1 7a1 8a1 9a1 10a1,10,432.3645,422.08225,447.5175,25.435249999999996,407.836,476.966
campaign-20260925T060607Z,cpu2,groth16,11,wall_ms,1 2 3 4 5 6 7 8 9 10,1a1 2a1 3a1 4a1 5a1 6a1 7a1 8a1 9a1 10a1,10,432.384,422.09975000000003,447.53700000000003,25.437250000000006,407.857,476.987
campaign-20260925T060607Z,cpu2,groth16,12,input_ms,1 2 3 4 5 6 7 8 9 10,1a1 2a1 3a1 4a1 5a1 6a1 7a1 8a1 9a1 10a1,10,16.1375,10.1785,16.832,6.653500000000001,8.907,18.652
campaign-20260925T060607Z,cpu2,groth16,12,witness_ms,1 2 3 4 5 6 7 8 9 10,1a1 2a1 3a1 4a1 5a1 6a1 7a1 8a1 9a1 10a1,10,26.814,25.261,28.2485,2.9875000000000007,22.84,31.883
campaign-20260925T060607Z,cpu2,groth16,12,prove_ms,1 2 3 4 5 6 7 8 9 10,1a1 2a1 3a1 4a1 5a1 6a1 7a1 8a1 9a1 10a1,10,417.63599999999997,414.133,419.422,5.289000000000044,398.655,429.451
campaign-20260925T060607Z,cpu2,groth16,12,verify_first_ms,1 2 3 4 5 6 7 8 9 10,1a1 2a1 3a1 4a1 5a1 6a1 7a1 8a1 9a1 10a1,10,10.913499999999999,10.32225,11.94625,1.6239999999999988,9.973,12.811
campaign-20260925T060607Z,cpu2,groth16,12,verify_steady_ms,1 2 3 4 5 6 7 8 9 10,1a1 2a1 3a1 4a1 5a1 6a1 7a1 8a1 9a1 10a1,10,10.725000000000001,10.039,10.978,0.9390000000000001,9.875,12.673
campaign-20260925T060607Z,cpu2,groth16,12,stage_sum_ms,1 2 3 4 5 6 7 8 9 10,1a1 2a1 3a1 4a1 5a1 6a1 7a1 8a1 9a1 10a1,10,470.6195,463.60175,472.05325,8.45150000000001,445.241,487.056
campaign-20260925T060607Z,cpu2,groth16,12,wall_ms,1 2 3 4 5 6 7 8 9 10,1a1 2a1 3a1 4a1 5a1 6a1 7a1 8a1 9a1 10a1,10,470.64149999999995,463.6235,472.07325000000003,8.449750000000051,445.272,487.083
campaign-20260925T060607Z,cpu2,groth16,13,input_ms,1 2 3 4 5 6 7 8 9 10,1a1 2a1 3a1 4a1 5a1 6a1 7a1 8a1 9a1 10a1,10,31.0885,27.533,31.590249999999997,4.057249999999996,24.827,33.549
campaign-20260925T060607Z,cpu2,groth16,13,witness_ms,1 2 3 4 5 6 7 8 9 10,1a1 2a1 3a1 4a1 5a1 6a1 7a1 8a1 9a1 10a1,10,30.775,29.8075,32.63275,2.8252500000000005,28.08,38.354
campaign-20260925T060607Z,cpu2,groth16,13,prove_ms,1 2 3 4 5 6 7 8 9 10,1a1 2a1 3a1 4a1 5a1 6a1 7a1 8a1 9a1 10a1,10,441.95,425.33375,454.242,28.90825000000001,407.386,472.125
campaign-20260925T060607Z,cpu2,groth16,13,verify_first_ms,1 2 3 4 5 6 7 8 9 10,1a1 2a1 3a1 4a1 5a1 6a1 7a1 8a1 9a1 10a1,10,11.679,10.5035,12.74125,2.23775,9.563,21.388
campaign-20260925T060607Z,cpu2,groth16,13,verify_steady_ms,1 2 3 4 5 6 7 8 9 10,1a1 2a1 3a1 4a1 5a1 6a1 7a1 8a1 9a1 10a1,10,10.5085,10.42475,10.83325,0.4085000000000001,10.108,11.615
campaign-20260925T060607Z,cpu2,groth16,13,stage_sum_ms,1 2 3 4 5 6 7 8 9 10,1a1 2a1 3a1 4a1 5a1 6a1 7a1 8a1 9a1 10a1,10,515.124,497.33950000000004,527.6460000000001,30.306500000000028,479.467,545.989
campaign-20260925T060607Z,cpu2,groth16,13,wall_ms,1 2 3 4 5 6 7 8 9 10,1a1 2a1 3a1 4a1 5a1 6a1 7a1 8a1 9a1 10a1,10,515.1514999999999,497.3675,527.6804999999999,30.31299999999993,479.495,546.012
campaign-20260925T060607Z,cpu2,groth16,14,input_ms,1 2 3 4 5 6 7 8 9 10,1a1 2a1 3a1 4a1 5a1 6a1 7a1 8a1 9a1 10a1,10,55.9765,50.581250000000004,58.4925,7.9112499999999955,46.333,59.236
campaign-20260925T060607Z,cpu2,groth16,14,witness_ms,1 2 3 4 5 6 7 8 9 10,1a1 2a1 3a1 4a1 5a1 6a1 7a1 8a1 9a1 10a1,10,29.8555,28.24475,30.408250000000002,2.1635000000000026,25.99,38.871
campaign-20260925T060607Z,cpu2,groth16,14,prove_ms,1 2 3 4 5 6 7 8 9 10,1a1 2a1 3a1 4a1 5a1 6a1 7a1 8a1 9a1 10a1,10,455.53999999999996,441.73,468.25075000000004,26.52075000000002,433.028,486.352
campaign-20260925T060607Z,cpu2,groth16,14,verify_first_ms,1 2 3 4 5 6 7 8 9 10,1a1 2a1 3a1 4a1 5a1 6a1 7a1 8a1 9a1 10a1,10,10.973500000000001,10.0125,12.603,2.5905000000000005,9.814,14.361
campaign-20260925T060607Z,cpu2,groth16,14,verify_steady_ms,1 2 3 4 5 6 7 8 9 10,1a1 2a1 3a1 4a1 5a1 6a1 7a1 8a1 9a1 10a1,10,10.5875,10.0525,10.996500000000001,0.9440000000000008,9.797,12.631
campaign-20260925T060607Z,cpu2,groth16,14,stage_sum_ms,1 2 3 4 5 6 7 8 9 10,1a1 2a1 3a1 4a1 5a1 6a1 7a1 8a1 9a1 10a1,10,548.742,540.8905,561.53675,20.64625000000001,528.593,588.102
campaign-20260925T060607Z,cpu2,groth16,14,wall_ms,1 2 3 4 5 6 7 8 9 10,1a1 2a1 3a1 4a1 5a1 6a1 7a1 8a1 9a1 10a1,10,548.7660000000001,540.912,561.5605,20.648500000000013,528.615,588.13
campaign-20260925T060607Z,cpu2,groth16,15,input_ms,1 2 3 4 5 6 7 8 9 10,1a1 2a1 3a1 4a1 5a1 6a1 7a1 8a1 9a1 10a1,10,120.7225,118.2995,124.0595,5.760000000000005,100.964,126.812
campaign-20260925T060607Z,cpu2,groth16,15,witness_ms,1 2 3 4 5 6 7 8 9 10,1a1 2a1 3a1 4a1 5a1 6a1 7a1 8a1 9a1 10a1,10,29.8945,28.69125,35.6505,6.959250000000001,27.148,38.882
campaign-20260925T060607Z,cpu2,groth16,15,prove_ms,1 2 3 4 5 6 7 8 9 10,1a1 2a1 3a1 4a1 5a1 6a1 7a1 8a1 9a1 10a1,10,485.759,471.02,490.05975,19.039750000000026,444.303,504.173
campaign-20260925T060607Z,cpu2,groth16,15,verify_first_ms,1 2 3 4 5 6 7 8 9 10,1a1 2a1 3a1 4a1 5a1 6a1 7a1 8a1 9a1 10a1,10,12.6725,11.06425,13.5885,2.5242500000000003,10.044,19.236
campaign-20260925T060607Z,cpu2,groth16,15,verify_steady_ms,1 2 3 4 5 6 7 8 9 10,1a1 2a1 3a1 4a1 5a1 6a1 7a1 8a1 9a1 10a1,10,11.0095,10.3455,12.313500000000001,1.9680000000000017,9.828,12.698
campaign-20260925T060607Z,cpu2,groth16,15,stage_sum_ms,1 2 3 4 5 6 7 8 9 10,1a1 2a1 3a1 4a1 5a1 6a1 7a1 8a1 9a1 10a1,10,651.394,628.7645,658.546,29.78150000000005,605.69,667.609
campaign-20260925T060607Z,cpu2,groth16,15,wall_ms,1 2 3 4 5 6 7 8 9 10,1a1 2a1 3a1 4a1 5a1 6a1 7a1 8a1 9a1 10a1,10,651.4245,628.79125,658.5730000000001,29.781750000000102,605.72,667.636
campaign-20260925T060607Z,cpu2,groth16,5,input_ms,1 2 3 4 5 6 7 8 9 10,1a1 2a1 3a1 4a1 5a1 6a1 7a1 8a1 9a1 10a1,10,0.7975000000000001,0.774,0.84925,0.07524999999999993,0.606,1.502
campaign-20260925T060607Z,cpu2,groth16,5,witness_ms,1 2 3 4 5 6 7 8 9 10,1a1 2a1 3a1 4a1 5a1 6a1 7a1 8a1 9a1 10a1,10,22.487499999999997,21.58025,24.94325,3.3629999999999995,19.745,27.562
campaign-20260925T060607Z,cpu2,groth16,5,prove_ms,1 2 3 4 5 6 7 8 9 10,1a1 2a1 3a1 4a1 5a1 6a1 7a1 8a1 9a1 10a1,10,266.3995,250.8085,271.62350000000004,20.815000000000026,237.506,281.181
campaign-20260925T060607Z,cpu2,groth16,5,verify_first_ms,1 2 3 4 5 6 7 8 9 10,1a1 2a1 3a1 4a1 5a1 6a1 7a1 8a1 9a1 10a1,10,11.8895,10.29175,13.812,3.520249999999999,9.759,17.979
campaign-20260925T060607Z,cpu2,groth16,5,verify_steady_ms,1 2 3 4 5 6 7 8 9 10,1a1 2a1 3a1 4a1 5a1 6a1 7a1 8a1 9a1 10a1,10,11.017,10.1465,11.40825,1.261750000000001,9.649,12.505
campaign-20260925T060607Z,cpu2,groth16,5,stage_sum_ms,1 2 3 4 5 6 7 8 9 10,1a1 2a1 3a1 4a1 5a1 6a1 7a1 8a1 9a1 10a1,10,303.046,291.0355,309.43949999999995,18.40399999999994,271.101,315.03
campaign-20260925T060607Z,cpu2,groth16,5,wall_ms,1 2 3 4 5 6 7 8 9 10,1a1 2a1 3a1 4a1 5a1 6a1 7a1 8a1 9a1 10a1,10,303.0625,291.06475,309.463,18.39825000000002,271.121,315.048
campaign-20260925T060607Z,cpu2,groth16,6,input_ms,1 2 3 4 5 6 7 8 9 10,1a1 2a1 3a1 4a1 5a1 6a1 7a1 8a1 9a1 10a1,10,0.822,0.77325,1.3940000000000001,0.6207500000000001,0.673,1.845
campaign-20260925T060607Z,cpu2,groth16,6,witness_ms,1 2 3 4 5 6 7 8 9 10,1a1 2a1 3a1 4a1 5a1 6a1 7a1 8a1 9a1 10a1,10,22.898,22.5055,23.949,1.4435000000000002,19.535,25.908
campaign-20260925T060607Z,cpu2,groth16,6,prove_ms,1 2 3 4 5 6 7 8 9 10,1a1 2a1 3a1 4a1 5a1 6a1 7a1 8a1 9a1 10a1,10,286.1065,278.6915,295.29625,16.604749999999967,241.397,299.423
campaign-20260925T060607Z,cpu2,groth16,6,verify_first_ms,1 2 3 4 5 6 7 8 9 10,1a1 2a1 3a1 4a1 5a1 6a1 7a1 8a1 9a1 10a1,10,12.459,10.959249999999999,12.70375,1.7445000000000004,9.936,16.464
campaign-20260925T060607Z,cpu2,groth16,6,verify_steady_ms,1 2 3 4 5 6 7 8 9 10,1a1 2a1 3a1 4a1 5a1 6a1 7a1 8a1 9a1 10a1,10,10.6415,10.18525,11.0095,0.8242499999999993,9.607,13.427
campaign-20260925T060607Z,cpu2,groth16,6,stage_sum_ms,1 2 3 4 5 6 7 8 9 10,1a1 2a1 3a1 4a1 5a1 6a1 7a1 8a1 9a1 10a1,10,322.9945,313.69525,329.90675,16.2115,281.553,334.482
campaign-20260925T060607Z,cpu2,groth16,6,wall_ms,1 2 3 4 5 6 7 8 9 10,1a1 2a1 3a1 4a1 5a1 6a1 7a1 8a1 9a1 10a1,10,323.00750000000005,313.71025,329.92475,16.214500000000044,281.572,334.5
campaign-20260925T060607Z,cpu2,groth16,7,input_ms,1 2 3 4 5 6 7 8 9 10,1a1 2a1 3a1 4a1 5a1 6a1 7a1 8a1 9a1 10a1,10,0.87,0.85825,0.9297500000000001,0.07150000000000012,0.758,1.667
campaign-20260925T060607Z,cpu2,groth16,7,witness_ms,1 2 3 4 5 6 7 8 9 10,1a1 2a1 3a1 4a1 5a1 6a1 7a1 8a1 9a1 10a1,10,23.6955,22.253,25.73125,3.478249999999999,21.643,28.681
campaign-20260925T060607Z,cpu2,groth16,7,prove_ms,1 2 3 4 5 6 7 8 9 10,1a1 2a1 3a1 4a1 5a1 6a1 7a1 8a1 9a1 10a1,10,294.82,293.50575000000003,302.06375,8.557999999999993,269.96,343.581
campaign-20260925T060607Z,cpu2,groth16,7,verify_first_ms,1 2 3 4 5 6 7 8 9 10,1a1 2a1 3a1 4a1 5a1 6a1 7a1 8a1 9a1 10a1,10,11.682500000000001,10.025,13.0025,2.977499999999999,9.667,16.736
campaign-20260925T060607Z,cpu2,groth16,7,verify_steady_ms,1 2 3 4 5 6 7 8 9 10,1a1 2a1 3a1 4a1 5a1 6a1 7a1 8a1 9a1 10a1,10,10.731,10.223749999999999,11.6605,1.4367500000000017,9.785,12.237
campaign-20260925T060607Z,cpu2,groth16,7,stage_sum_ms,1 2 3 4 5 6 7 8 9 10,1a1 2a1 3a1 4a1 5a1 6a1 7a1 8a1 9a1 10a1,10,333.1,328.1595,339.022,10.862500000000011,309.636,379.234
campaign-20260925T060607Z,cpu2,groth16,7,wall_ms,1 2 3 4 5 6 7 8 9 10,1a1 2a1 3a1 4a1 5a1 6a1 7a1 8a1 9a1 10a1,10,333.115,328.17375,339.03725,10.863499999999988,309.652,379.254
campaign-20260925T060607Z,cpu2,groth16,8,input_ms,1 2 3 4 5 6 7 8 9 10,1a1 2a1 3a1 4a1 5a1 6a1 7a1 8a1 9a1 10a1,10,1.2565,1.14025,1.8944999999999999,0.7542499999999999,1.005,2.1
campaign-20260925T060607Z,cpu2,groth16,8,witness_ms,1 2 3 4 5 6 7 8 9 10,1a1 2a1 3a1 4a1 5a1 6a1 7a1 8a1 9a1 10a1,10,23.7065,23.1755,24.5785,1.4029999999999987,20.463,25.679
campaign-20260925T060607Z,cpu2,groth16,8,prove_ms,1 2 3 4 5 6 7 8 9 10,1a1 2a1 3a1 4a1 5a1 6a1 7a1 8a1 9a1 10a1,10,339.263,327.61525,347.49975,19.884500000000003,314.891,353.993
campaign-20260925T060607Z,cpu2,groth16,8,verify_first_ms,1 2 3 4 5 6 7 8 9 10,1a1 2a1 3a1 4a1 5a1 6a1 7a1 8a1 9a1 10a1,10,11.189,10.682,12.325,1.642999999999999,9.78,15.014
campaign-20260925T060607Z,cpu2,groth16,8,verify_steady_ms,1 2 3 4 5 6 7 8 9 10,1a1 2a1 3a1 4a1 5a1 6a1 7a1 8a1 9a1 10a1,10,11.1525,10.75375,11.54025,0.7865000000000002,10.432,12.137
campaign-20260925T060607Z,cpu2,groth16,8,stage_sum_ms,1 2 3 4 5 6 7 8 9 10,1a1 2a1 3a1 4a1 5a1 6a1 7a1 8a1 9a1 10a1,10,376.3035,363.31625,384.52700000000004,21.21075000000002,351.771,391.001
campaign-20260925T060607Z,cpu2,groth16,8,wall_ms,1 2 3 4 5 6 7 8 9 10,1a1 2a1 3a1 4a1 5a1 6a1 7a1 8a1 9a1 10a1,10,376.32050000000004,363.33125,384.54925000000003,21.218000000000018,351.787,391.022
campaign-20260925T060607Z,cpu2,groth16,9,input_ms,1 2 3 4 5 6 7 8 9 10,1a1 2a1 3a1 4a1 5a1 6a1 7a1 8a1 9a1 10a1,10,1.8295,1.7705,1.96925,0.19874999999999998,1.745,5.121
campaign-20260925T060607Z,cpu2,groth16,9,witness_ms,1 2 3 4 5 6 7 8 9 10,1a1 2a1 3a1 4a1 5a1 6a1 7a1 8a1 9a1 10a1,10,24.448999999999998,23.250500000000002,26.988,3.737499999999997,22.053,28.899
campaign-20260925T060607Z,cpu2,groth16,9,prove_ms,1 2 3 4 5 6 7 8 9 10,1a1 2a1 3a1 4a1 5a1 6a1 7a1 8a1 9a1 10a1,10,359.0625,347.64,368.868,21.22800000000001,340.759,380.506
campaign-20260925T060607Z,cpu2,groth16,9,verify_first_ms,1 2 3 4 5 6 7 8 9 10,1a1 2a1 3a1 4a1 5a1 6a1 7a1 8a1 9a1 10a1,10,11.058,10.50775,12.73275,2.2249999999999996,10.111,16.936
campaign-20260925T060607Z,cpu2,groth16,9,verify_steady_ms,1 2 3 4 5 6 7 8 9 10,1a1 2a1 3a1 4a1 5a1 6a1 7a1 8a1 9a1 10a1,10,10.344000000000001,9.888,11.338249999999999,1.4502499999999987,9.569,12.318
campaign-20260925T060607Z,cpu2,groth16,9,stage_sum_ms,1 2 3 4 5 6 7 8 9 10,1a1 2a1 3a1 4a1 5a1 6a1 7a1 8a1 9a1 10a1,10,397.318,389.33574999999996,411.63025,22.294500000000028,377.499,420.346
campaign-20260925T060607Z,cpu2,groth16,9,wall_ms,1 2 3 4 5 6 7 8 9 10,1a1 2a1 3a1 4a1 5a1 6a1 7a1 8a1 9a1 10a1,10,397.34000000000003,389.35125000000005,411.6475,22.29624999999993,377.517,420.361
campaign-20260925T060607Z,cpu2,plonk,10,input_ms,1 2 3 4 5,1a1 2a1 3a1 4a1 5a1,5,2.945,2.811,3.535,0.7240000000000002,2.75,3.926
campaign-20260925T060607Z,cpu2,plonk,10,witness_ms,1 2 3 4 5,1a1 2a1 3a1 4a1 5a1,5,27.428,26.077,28.648,2.570999999999998,25.433,30.138
campaign-20260925T060607Z,cpu2,plonk,10,prove_ms,1 2 3 4 5,1a1 2a1 3a1 4a1 5a1,5,12203.378,12114.778,12223.677,108.89899999999943,12047.79,13395.1
campaign-20260925T060607Z,cpu2,plonk,10,verify_first_ms,1 2 3 4 5,1a1 2a1 3a1 4a1 5a1,5,10.027,9.471,10.042,0.5709999999999997,7.729,11.838
campaign-20260925T060607Z,cpu2,plonk,10,verify_steady_ms,1 2 3 4 5,1a1 2a1 3a1 4a1 5a1,5,7.306,7.267,7.341,0.07399999999999984,7.202,8.508
campaign-20260925T060607Z,cpu2,plonk,10,stage_sum_ms,1 2 3 4 5,1a1 2a1 3a1 4a1 5a1,5,12244.774,12155.457,12265.102,109.64500000000044,12088.006,13434.184
campaign-20260925T060607Z,cpu2,plonk,10,wall_ms,1 2 3 4 5,1a1 2a1 3a1 4a1 5a1,5,12244.79,12155.478,12265.125,109.64700000000084,12088.025,13434.202
campaign-20260925T060607Z,cpu2,plonk,11,input_ms,1 2 3 4 5,1a1 2a1 3a1 4a1 5a1,5,6.28,5.96,6.43,0.46999999999999975,5.258,8.247
campaign-20260925T060607Z,cpu2,plonk,11,witness_ms,1 2 3 4 5,1a1 2a1 3a1 4a1 5a1,5,25.059,23.533,26.144,2.610999999999997,21.777,28.629
campaign-20260925T060607Z,cpu2,plonk,11,prove_ms,1 2 3 4 5,1a1 2a1 3a1 4a1 5a1,5,23521.395,23298.578,23695.524,396.9459999999999,23140.082,26083.025
campaign-20260925T060607Z,cpu2,plonk,11,verify_first_ms,1 2 3 4 5,1a1 2a1 3a1 4a1 5a1,5,10.182,9.022,10.285,1.263,8.99,13.096
campaign-20260925T060607Z,cpu2,plonk,11,verify_steady_ms,1 2 3 4 5,1a1 2a1 3a1 4a1 5a1,5,7.297,7.257,8.322,1.0649999999999995,7.13,8.483
campaign-20260925T060607Z,cpu2,plonk,11,stage_sum_ms,1 2 3 4 5,1a1 2a1 3a1 4a1 5a1,5,23560.38,23341.455,23743.011,401.55599999999686,23178.321,26124.328
campaign-20260925T060607Z,cpu2,plonk,11,wall_ms,1 2 3 4 5,1a1 2a1 3a1 4a1 5a1,5,23560.413,23341.474,23743.032,401.5580000000009,23178.343,26124.35
campaign-20260925T060607Z,cpu2,plonk,12,input_ms,1 2 3 4 5,1a1 2a1 3a1 4a1 5a1,5,16.579,16.499,17.897,1.3979999999999997,11.1,18.285
campaign-20260925T060607Z,cpu2,plonk,12,witness_ms,1 2 3 4 5,1a1 2a1 3a1 4a1 5a1,5,25.434,24.936,29.53,4.594000000000001,24.842,32.956
campaign-20260925T060607Z,cpu2,plonk,12,prove_ms,1 2 3 4 5,1a1 2a1 3a1 4a1 5a1,5,23398.957,23320.812,23481.457,160.6449999999968,23112.58,25884.557
campaign-20260925T060607Z,cpu2,plonk,12,verify_first_ms,1 2 3 4 5,1a1 2a1 3a1 4a1 5a1,5,9.876,8.987,10.234,1.2469999999999999,8.961,13.631
campaign-20260925T060607Z,cpu2,plonk,12,verify_steady_ms,1 2 3 4 5,1a1 2a1 3a1 4a1 5a1,5,7.223,7.222,7.711,0.4889999999999999,7.218,8.584
campaign-20260925T060607Z,cpu2,plonk,12,stage_sum_ms,1 2 3 4 5,1a1 2a1 3a1 4a1 5a1,5,23444.869,23371.139,23541.197,170.0580000000009,23173.667,25937.237
campaign-20260925T060607Z,cpu2,plonk,12,wall_ms,1 2 3 4 5,1a1 2a1 3a1 4a1 5a1,5,23444.895,23371.166,23541.22,170.0540000000001,23173.689,25937.262
campaign-20260925T060607Z,cpu2,plonk,13,input_ms,1 2 3 4 5,1a1 2a1 3a1 4a1 5a1,5,25.797,24.769,26.351,1.5820000000000007,24.748,26.681
campaign-20260925T060607Z,cpu2,plonk,13,witness_ms,1 2 3 4 5,1a1 2a1 3a1 4a1 5a1,5,31.349,31.153,32.127,0.9740000000000038,27.709,34.481
campaign-20260925T060607Z,cpu2,plonk,13,prove_ms,1 2 3 4 5,1a1 2a1 3a1 4a1 5a1,5,23422.755,23348.562,23519.202,170.63999999999942,23066.196,25686.631
campaign-20260925T060607Z,cpu2,plonk,13,verify_first_ms,1 2 3 4 5,1a1 2a1 3a1 4a1 5a1,5,9.882,9.228,10.951,1.7230000000000008,9.041,12.819
campaign-20260925T060607Z,cpu2,plonk,13,verify_steady_ms,1 2 3 4 5,1a1 2a1 3a1 4a1 5a1,5,7.309,7.244,8.542,1.298,7.216,8.63
campaign-20260925T060607Z,cpu2,plonk,13,stage_sum_ms,1 2 3 4 5,1a1 2a1 3a1 4a1 5a1,5,23490.013,23412.503,23586.074,173.5709999999999,23134.466,25757.374
campaign-20260925T060607Z,cpu2,plonk,13,wall_ms,1 2 3 4 5,1a1 2a1 3a1 4a1 5a1,5,23490.037,23412.529,23586.095,173.56600000000253,23134.501,25757.396
campaign-20260925T060607Z,cpu2,plonk,14,input_ms,1 2 3 4 5,1a1 2a1 3a1 4a1 5a1,5,49.307,44.23,53.121,8.891000000000005,43.84,59.38
campaign-20260925T060607Z,cpu2,plonk,14,witness_ms,1 2 3 4 5,1a1 2a1 3a1 4a1 5a1,5,25.413,25.378,27.502,2.1239999999999988,24.887,28.768
campaign-20260925T060607Z,cpu2,plonk,14,prove_ms,1 2 3 4 5,1a1 2a1 3a1 4a1 5a1,5,23625.619,23310.092,23689.972,379.880000000001,23307.641,25343.121
campaign-20260925T060607Z,cpu2,plonk,14,verify_first_ms,1 2 3 4 5,1a1 2a1 3a1 4a1 5a1,5,11.251,10.068,13.726,3.6580000000000013,9.939,15.213
campaign-20260925T060607Z,cpu2,plonk,14,verify_steady_ms,1 2 3 4 5,1a1 2a1 3a1 4a1 5a1,5,7.272,7.261,7.831,0.5700000000000003,7.213,8.298
campaign-20260925T060607Z,cpu2,plonk,14,stage_sum_ms,1 2 3 4 5,1a1 2a1 3a1 4a1 5a1,5,23712.496,23393.071,23793.333,400.2619999999988,23386.696,25432.871
campaign-20260925T060607Z,cpu2,plonk,14,wall_ms,1 2 3 4 5,1a1 2a1 3a1 4a1 5a1,5,23712.52,23393.095,23793.363,400.26800000000003,23386.725,25432.892
campaign-20260925T060607Z,cpu2,plonk,15,input_ms,1 2 3 4 5,1a1 2a1 3a1 4a1 5a1,5,123.152,112.633,123.859,11.225999999999999,106.205,124.711
campaign-20260925T060607Z,cpu2,plonk,15,witness_ms,1 2 3 4 5,1a1 2a1 3a1 4a1 5a1,5,32.483,30.046,33.795,3.7490000000000023,28.088,34.999
campaign-20260925T060607Z,cpu2,plonk,15,prove_ms,1 2 3 4 5,1a1 2a1 3a1 4a1 5a1,5,23338.579,23256.403,24114.279,857.8760000000002,23126.733,25857.661
campaign-20260925T060607Z,cpu2,plonk,15,verify_first_ms,1 2 3 4 5,1a1 2a1 3a1 4a1 5a1,5,10.126,10.126,10.899,0.7729999999999997,9.083,12.178
campaign-20260925T060607Z,cpu2,plonk,15,verify_steady_ms,1 2 3 4 5,1a1 2a1 3a1 4a1 5a1,5,7.278,7.197,7.536,0.3389999999999995,7.165,8.583
campaign-20260925T060607Z,cpu2,plonk,15,stage_sum_ms,1 2 3 4 5,1a1 2a1 3a1 4a1 5a1,5,23495.133,23420.528,24280.813,860.2849999999999,23278.063,26021.501
campaign-20260925T060607Z,cpu2,plonk,15,wall_ms,1 2 3 4 5,1a1 2a1 3a1 4a1 5a1,5,23495.159,23420.554,24280.846,860.2920000000013,23278.089,26021.527
campaign-20260925T060607Z,cpu2,plonk,5,input_ms,1 2 3 4 5,1a1 2a1 3a1 4a1 5a1,5,0.797,0.759,1.175,0.41600000000000004,0.745,1.498
campaign-20260925T060607Z,cpu2,plonk,5,witness_ms,1 2 3 4 5,1a1 2a1 3a1 4a1 5a1,5,22.986,22.149,26.261,4.111999999999998,18.793,28.556
campaign-20260925T060607Z,cpu2,plonk,5,prove_ms,1 2 3 4 5,1a1 2a1 3a1 4a1 5a1,5,12301.899,12045.394,12936.25,890.8559999999998,11890.7,13302.837
campaign-20260925T060607Z,cpu2,plonk,5,verify_first_ms,1 2 3 4 5,1a1 2a1 3a1 4a1 5a1,5,10.089,9.22,10.306,1.0859999999999985,9.205,10.987
campaign-20260925T060607Z,cpu2,plonk,5,verify_steady_ms,1 2 3 4 5,1a1 2a1 3a1 4a1 5a1,5,7.363,7.327,7.738,0.4110000000000005,7.281,7.765
campaign-20260925T060607Z,cpu2,plonk,5,stage_sum_ms,1 2 3 4 5,1a1 2a1 3a1 4a1 5a1,5,12331.396,12078.594,12972.906,894.3120000000017,11931.003,13336.709
campaign-20260925T060607Z,cpu2,plonk,5,wall_ms,1 2 3 4 5,1a1 2a1 3a1 4a1 5a1,5,12331.415,12078.611,12972.925,894.3139999999985,11931.021,13336.726
campaign-20260925T060607Z,cpu2,plonk,6,input_ms,1 2 3 4 5,1a1 2a1 3a1 4a1 5a1,5,1.362,0.882,1.426,0.5439999999999999,0.793,1.443
campaign-20260925T060607Z,cpu2,plonk,6,witness_ms,1 2 3 4 5,1a1 2a1 3a1 4a1 5a1,5,25.607,22.249,25.759,3.5100000000000016,20.095,28.909
campaign-20260925T060607Z,cpu2,plonk,6,prove_ms,1 2 3 4 5,1a1 2a1 3a1 4a1 5a1,5,12110.281,12108.401,12232.353,123.95199999999932,11945.082,13316.157
campaign-20260925T060607Z,cpu2,plonk,6,verify_first_ms,1 2 3 4 5,1a1 2a1 3a1 4a1 5a1,5,11.2,11.127,11.402,0.2749999999999986,7.742,11.727
campaign-20260925T060607Z,cpu2,plonk,6,verify_steady_ms,1 2 3 4 5,1a1 2a1 3a1 4a1 5a1,5,7.536,7.325,8.544,1.2190000000000003,7.275,8.579
campaign-20260925T060607Z,cpu2,plonk,6,stage_sum_ms,1 2 3 4 5,1a1 2a1 3a1 4a1 5a1,5,12150.074,12148.649,12270.529,121.88000000000102,11976.499,13348.246
campaign-20260925T060607Z,cpu2,plonk,6,wall_ms,1 2 3 4 5,1a1 2a1 3a1 4a1 5a1,5,12150.089,12148.665,12270.545,121.8799999999992,11976.515,13348.26
campaign-20260925T060607Z,cpu2,plonk,7,input_ms,1 2 3 4 5,1a1 2a1 3a1 4a1 5a1,5,0.946,0.941,0.995,0.05400000000000005,0.708,0.999
campaign-20260925T060607Z,cpu2,plonk,7,witness_ms,1 2 3 4 5,1a1 2a1 3a1 4a1 5a1,5,24.146,23.025,24.218,1.1930000000000014,22.778,24.747
campaign-20260925T060607Z,cpu2,plonk,7,prove_ms,1 2 3 4 5,1a1 2a1 3a1 4a1 5a1,5,12228.419,12072.599,12271.556,198.95700000000033,12027.385,13309.828
campaign-20260925T060607Z,cpu2,plonk,7,verify_first_ms,1 2 3 4 5,1a1 2a1 3a1 4a1 5a1,5,9.529,9.33,10.12,0.7899999999999991,9.233,12.156
campaign-20260925T060607Z,cpu2,plonk,7,verify_steady_ms,1 2 3 4 5,1a1 2a1 3a1 4a1 5a1,5,7.313,7.283,7.729,0.44599999999999973,7.202,8.518
campaign-20260925T060607Z,cpu2,plonk,7,stage_sum_ms,1 2 3 4 5,1a1 2a1 3a1 4a1 5a1,5,12265.5,12105.953,12306.764,200.8109999999997,12060.341,13345.099
campaign-20260925T060607Z,cpu2,plonk,7,wall_ms,1 2 3 4 5,1a1 2a1 3a1 4a1 5a1,5,12265.514,12105.969,12306.794,200.82500000000073,12060.357,13345.116
campaign-20260925T060607Z,cpu2,plonk,8,input_ms,1 2 3 4 5,1a1 2a1 3a1 4a1 5a1,5,1.2,1.193,1.242,0.04899999999999993,0.977,1.739
campaign-20260925T060607Z,cpu2,plonk,8,witness_ms,1 2 3 4 5,1a1 2a1 3a1 4a1 5a1,5,24.051,23.586,27.359,3.7730000000000032,20.728,27.484
campaign-20260925T060607Z,cpu2,plonk,8,prove_ms,1 2 3 4 5,1a1 2a1 3a1 4a1 5a1,5,12260.338,12086.757,12298.691,211.9340000000011,12053.747,13347.106
campaign-20260925T060607Z,cpu2,plonk,8,verify_first_ms,1 2 3 4 5,1a1 2a1 3a1 4a1 5a1,5,10.821,10.424,11.195,0.7710000000000008,10.031,11.241
campaign-20260925T060607Z,cpu2,plonk,8,verify_steady_ms,1 2 3 4 5,1a1 2a1 3a1 4a1 5a1,5,7.815,7.309,7.867,0.5579999999999998,7.202,8.602
campaign-20260925T060607Z,cpu2,plonk,8,stage_sum_ms,1 2 3 4 5,1a1 2a1 3a1 4a1 5a1,5,12300.803,12122.209,12338.064,215.85499999999956,12088.565,13380.271
campaign-20260925T060607Z,cpu2,plonk,8,wall_ms,1 2 3 4 5,1a1 2a1 3a1 4a1 5a1,5,12300.819,12122.236,12338.087,215.85099999999875,12088.581,13380.289
campaign-20260925T060607Z,cpu2,plonk,9,input_ms,1 2 3 4 5,1a1 2a1 3a1 4a1 5a1,5,1.995,1.864,2.208,0.3440000000000001,1.69,2.287
campaign-20260925T060607Z,cpu2,plonk,9,witness_ms,1 2 3 4 5,1a1 2a1 3a1 4a1 5a1,5,23.868,23.096,25.166,2.0700000000000003,20.543,30.086
campaign-20260925T060607Z,cpu2,plonk,9,prove_ms,1 2 3 4 5,1a1 2a1 3a1 4a1 5a1,5,12163.975,12144.197,12387.402,243.20499999999993,12012.094,13306.09
campaign-20260925T060607Z,cpu2,plonk,9,verify_first_ms,1 2 3 4 5,1a1 2a1 3a1 4a1 5a1,5,10.775,9.959,10.835,0.8760000000000012,7.681,11.446
campaign-20260925T060607Z,cpu2,plonk,9,verify_steady_ms,1 2 3 4 5,1a1 2a1 3a1 4a1 5a1,5,7.296,7.251,7.315,0.06400000000000006,7.086,8.563
campaign-20260925T060607Z,cpu2,plonk,9,stage_sum_ms,1 2 3 4 5,1a1 2a1 3a1 4a1 5a1,5,12194.407,12183.095,12423.909,240.8140000000003,12047.714,13348.13
campaign-20260925T060607Z,cpu2,plonk,9,wall_ms,1 2 3 4 5,1a1 2a1 3a1 4a1 5a1,5,12194.423,12183.113,12423.927,240.8140000000003,12047.731,13348.146
campaign-20260925T060607Z,cpu4,groth16,10,input_ms,1 2 3 4 5 6 7 8 9 10,1a1 2a1 3a1 4a1 5a1 6a1 7a1 8a1 9a1 10a1,10,2.9154999999999998,2.7455,3.10925,0.36375,2.644,4.444
campaign-20260925T060607Z,cpu4,groth16,10,witness_ms,1 2 3 4 5 6 7 8 9 10,1a1 2a1 3a1 4a1 5a1 6a1 7a1 8a1 9a1 10a1,10,16.365000000000002,15.1625,17.929,2.766499999999999,14.452,19.881
campaign-20260925T060607Z,cpu4,groth16,10,prove_ms,1 2 3 4 5 6 7 8 9 10,1a1 2a1 3a1 4a1 5a1 6a1 7a1 8a1 9a1 10a1,10,219.4845,217.52300000000002,222.19725,4.674249999999972,214.977,223.619
campaign-20260925T060607Z,cpu4,groth16,10,verify_first_ms,1 2 3 4 5 6 7 8 9 10,1a1 2a1 3a1 4a1 5a1 6a1 7a1 8a1 9a1 10a1,10,7.506,7.279,7.79825,0.5192500000000004,7.048,8.076
campaign-20260925T060607Z,cpu4,groth16,10,verify_steady_ms,1 2 3 4 5 6 7 8 9 10,1a1 2a1 3a1 4a1 5a1 6a1 7a1 8a1 9a1 10a1,10,7.0675,6.9245,7.344,0.4195000000000002,6.196,8.968
campaign-20260925T060607Z,cpu4,groth16,10,stage_sum_ms,1 2 3 4 5 6 7 8 9 10,1a1 2a1 3a1 4a1 5a1 6a1 7a1 8a1 9a1 10a1,10,248.713,243.15325,249.71275,6.559499999999986,239.835,251.137
campaign-20260925T060607Z,cpu4,groth16,10,wall_ms,1 2 3 4 5 6 7 8 9 10,1a1 2a1 3a1 4a1 5a1 6a1 7a1 8a1 9a1 10a1,10,248.73149999999998,243.16975,249.72924999999998,6.559499999999986,239.852,251.154
campaign-20260925T060607Z,cpu4,groth16,11,input_ms,1 2 3 4 5 6 7 8 9 10,1a1 2a1 3a1 4a1 5a1 6a1 7a1 8a1 9a1 10a1,10,6.587,5.8895,7.05375,1.16425,5.456,7.461
campaign-20260925T060607Z,cpu4,groth16,11,witness_ms,1 2 3 4 5 6 7 8 9 10,1a1 2a1 3a1 4a1 5a1 6a1 7a1 8a1 9a1 10a1,10,16.001,15.432749999999999,17.609499999999997,2.1767499999999984,14.206,20.436
campaign-20260925T060607Z,cpu4,groth16,11,prove_ms,1 2 3 4 5 6 7 8 9 10,1a1 2a1 3a1 4a1 5a1 6a1 7a1 8a1 9a1 10a1,10,231.8655,228.742,233.42125,4.679249999999996,220.027,241.443
campaign-20260925T060607Z,cpu4,groth16,11,verify_first_ms,1 2 3 4 5 6 7 8 9 10,1a1 2a1 3a1 4a1 5a1 6a1 7a1 8a1 9a1 10a1,10,7.644,7.26875,7.93025,0.6615000000000002,6.236,10.988
campaign-20260925T060607Z,cpu4,groth16,11,verify_steady_ms,1 2 3 4 5 6 7 8 9 10,1a1 2a1 3a1 4a1 5a1 6a1 7a1 8a1 9a1 10a1,10,7.115,6.888999999999999,7.308999999999999,0.41999999999999993,6.455,7.378
campaign-20260925T060607Z,cpu4,groth16,11,stage_sum_ms,1 2 3 4 5 6 7 8 9 10,1a1 2a1 3a1 4a1 5a1 6a1 7a1 8a1 9a1 10a1,10,261.7545,259.78875,263.53625,3.7475000000000023,252.095,273.002
campaign-20260925T060607Z,cpu4,groth16,11,wall_ms,1 2 3 4 5 6 7 8 9 10,1a1 2a1 3a1 4a1 5a1 6a1 7a1 8a1 9a1 10a1,10,261.7735,259.81225,263.555,3.742750000000001,252.115,273.024
campaign-20260925T060607Z,cpu4,groth16,12,input_ms,1 2 3 4 5 6 7 8 9 10,1a1 2a1 3a1 4a1 5a1 6a1 7a1 8a1 9a1 10a1,10,14.573,10.34375,15.09125,4.7475000000000005,8.72,17.148
campaign-20260925T060607Z,cpu4,groth16,12,witness_ms,1 2 3 4 5 6 7 8 9 10,1a1 2a1 3a1 4a1 5a1 6a1 7a1 8a1 9a1 10a1,10,18.098,16.98975,19.78875,2.7989999999999995,15.363,21.694
campaign-20260925T060607Z,cpu4,groth16,12,prove_ms,1 2 3 4 5 6 7 8 9 10,1a1 2a1 3a1 4a1 5a1 6a1 7a1 8a1 9a1 10a1,10,243.7865,236.40925,245.6975,9.288250000000005,234.038,251.717
campaign-20260925T060607Z,cpu4,groth16,12,verify_first_ms,1 2 3 4 5 6 7 8 9 10,1a1 2a1 3a1 4a1 5a1 6a1 7a1 8a1 9a1 10a1,10,7.547499999999999,7.278499999999999,7.6355,0.3570000000000011,6.625,7.948
campaign-20260925T060607Z,cpu4,groth16,12,verify_steady_ms,1 2 3 4 5 6 7 8 9 10,1a1 2a1 3a1 4a1 5a1 6a1 7a1 8a1 9a1 10a1,10,6.8625,6.52775,7.167,0.6392499999999997,5.899,7.35
campaign-20260925T060607Z,cpu4,groth16,12,stage_sum_ms,1 2 3 4 5 6 7 8 9 10,1a1 2a1 3a1 4a1 5a1 6a1 7a1 8a1 9a1 10a1,10,281.74,277.43649999999997,283.20425,5.767750000000035,272.849,290.506
campaign-20260925T060607Z,cpu4,groth16,12,wall_ms,1 2 3 4 5 6 7 8 9 10,1a1 2a1 3a1 4a1 5a1 6a1 7a1 8a1 9a1 10a1,10,281.7615,277.4575,283.22625,5.768750000000011,272.872,290.534
campaign-20260925T060607Z,cpu4,groth16,13,input_ms,1 2 3 4 5 6 7 8 9 10,1a1 2a1 3a1 4a1 5a1 6a1 7a1 8a1 9a1 10a1,10,28.2955,24.0735,29.667,5.593500000000002,22.88,30.691
campaign-20260925T060607Z,cpu4,groth16,13,witness_ms,1 2 3 4 5 6 7 8 9 10,1a1 2a1 3a1 4a1 5a1 6a1 7a1 8a1 9a1 10a1,10,21.2275,20.78225,22.587000000000003,1.804750000000002,17.013,23.325
campaign-20260925T060607Z,cpu4,groth16,13,prove_ms,1 2 3 4 5 6 7 8 9 10,1a1 2a1 3a1 4a1 5a1 6a1 7a1 8a1 9a1 10a1,10,251.5245,248.12775,251.75275,3.625,238.301,256.981
campaign-20260925T060607Z,cpu4,groth16,13,verify_first_ms,1 2 3 4 5 6 7 8 9 10,1a1 2a1 3a1 4a1 5a1 6a1 7a1 8a1 9a1 10a1,10,7.9135,7.738,8.1995,0.4615,6.976,8.558
campaign-20260925T060607Z,cpu4,groth16,13,verify_steady_ms,1 2 3 4 5 6 7 8 9 10,1a1 2a1 3a1 4a1 5a1 6a1 7a1 8a1 9a1 10a1,10,7.096,6.68075,7.19475,0.5140000000000002,5.971,8.63
campaign-20260925T060607Z,cpu4,groth16,13,stage_sum_ms,1 2 3 4 5 6 7 8 9 10,1a1 2a1 3a1 4a1 5a1 6a1 7a1 8a1 9a1 10a1,10,306.8985,300.44075,311.62149999999997,11.180749999999989,293.708,311.874
campaign-20260925T060607Z,cpu4,groth16,13,wall_ms,1 2 3 4 5 6 7 8 9 10,1a1 2a1 3a1 4a1 5a1 6a1 7a1 8a1 9a1 10a1,10,306.922,300.46425,311.64750000000004,11.183250000000044,293.731,311.898
campaign-20260925T060607Z,cpu4,groth16,14,input_ms,1 2 3 4 5 6 7 8 9 10,1a1 2a1 3a1 4a1 5a1 6a1 7a1 8a1 9a1 10a1,10,50.667500000000004,46.75375,51.3195,4.565750000000001,41.74,55.612
campaign-20260925T060607Z,cpu4,groth16,14,witness_ms,1 2 3 4 5 6 7 8 9 10,1a1 2a1 3a1 4a1 5a1 6a1 7a1 8a1 9a1 10a1,10,19.099,18.88175,20.3485,1.466750000000001,17.925,23.338
campaign-20260925T060607Z,cpu4,groth16,14,prove_ms,1 2 3 4 5 6 7 8 9 10,1a1 2a1 3a1 4a1 5a1 6a1 7a1 8a1 9a1 10a1,10,258.2935,255.739,260.88675,5.147750000000002,251.347,268.617
campaign-20260925T060607Z,cpu4,groth16,14,verify_first_ms,1 2 3 4 5 6 7 8 9 10,1a1 2a1 3a1 4a1 5a1 6a1 7a1 8a1 9a1 10a1,10,7.6385000000000005,6.724,7.7065,0.9824999999999999,6.186,8.082
campaign-20260925T060607Z,cpu4,groth16,14,verify_steady_ms,1 2 3 4 5 6 7 8 9 10,1a1 2a1 3a1 4a1 5a1 6a1 7a1 8a1 9a1 10a1,10,6.995,6.79075,7.25425,0.4634999999999998,6.063,7.507
campaign-20260925T060607Z,cpu4,groth16,14,stage_sum_ms,1 2 3 4 5 6 7 8 9 10,1a1 2a1 3a1 4a1 5a1 6a1 7a1 8a1 9a1 10a1,10,336.3315,328.81425,340.12350000000004,11.30925000000002,322.451,350.48
campaign-20260925T060607Z,cpu4,groth16,14,wall_ms,1 2 3 4 5 6 7 8 9 10,1a1 2a1 3a1 4a1 5a1 6a1 7a1 8a1 9a1 10a1,10,336.356,328.841,340.147,11.305999999999983,322.476,350.503
campaign-20260925T060607Z,cpu4,groth16,15,input_ms,1 2 3 4 5 6 7 8 9 10,1a1 2a1 3a1 4a1 5a1 6a1 7a1 8a1 9a1 10a1,10,115.6815,108.721,116.0525,7.331499999999991,101.977,117.424
campaign-20260925T060607Z,cpu4,groth16,15,witness_ms,1 2 3 4 5 6 7 8 9 10,1a1 2a1 3a1 4a1 5a1 6a1 7a1 8a1 9a1 10a1,10,24.7895,23.54575,26.265749999999997,2.7199999999999953,20.103,27.677
campaign-20260925T060607Z,cpu4,groth16,15,prove_ms,1 2 3 4 5 6 7 8 9 10,1a1 2a1 3a1 4a1 5a1 6a1 7a1 8a1 9a1 10a1,10,269.76800000000003,265.63375,273.986,8.35224999999997,262.49,287.616
campaign-20260925T060607Z,cpu4,groth16,15,verify_first_ms,1 2 3 4 5 6 7 8 9 10,1a1 2a1 3a1 4a1 5a1 6a1 7a1 8a1 9a1 10a1,10,6.991,6.3795,7.231,0.8514999999999997,6.172,7.669
campaign-20260925T060607Z,cpu4,groth16,15,verify_steady_ms,1 2 3 4 5 6 7 8 9 10,1a1 2a1 3a1 4a1 5a1 6a1 7a1 8a1 9a1 10a1,10,7.0555,7.0395,7.2989999999999995,0.2594999999999992,6.432,11.458
campaign-20260925T060607Z,cpu4,groth16,15,stage_sum_ms,1 2 3 4 5 6 7 8 9 10,1a1 2a1 3a1 4a1 5a1 6a1 7a1 8a1 9a1 10a1,10,413.777,410.567,419.4365,8.869500000000016,398.228,434.157
campaign-20260925T060607Z,cpu4,groth16,15,wall_ms,1 2 3 4 5 6 7 8 9 10,1a1 2a1 3a1 4a1 5a1 6a1 7a1 8a1 9a1 10a1,10,413.806,410.59425,419.4625,8.868249999999989,398.259,434.182
campaign-20260925T060607Z,cpu4,groth16,5,input_ms,1 2 3 4 5 6 7 8 9 10,1a1 2a1 3a1 4a1 5a1 6a1 7a1 8a1 9a1 10a1,10,0.791,0.78625,0.8185,0.03225,0.603,1.096
campaign-20260925T060607Z,cpu4,groth16,5,witness_ms,1 2 3 4 5 6 7 8 9 10,1a1 2a1 3a1 4a1 5a1 6a1 7a1 8a1 9a1 10a1,10,15.481,14.442,15.97475,1.53275,12.968,16.666
campaign-20260925T060607Z,cpu4,groth16,5,prove_ms,1 2 3 4 5 6 7 8 9 10,1a1 2a1 3a1 4a1 5a1 6a1 7a1 8a1 9a1 10a1,10,143.88299999999998,142.72725,145.676,2.9487499999999898,135.868,152.085
campaign-20260925T060607Z,cpu4,groth16,5,verify_first_ms,1 2 3 4 5 6 7 8 9 10,1a1 2a1 3a1 4a1 5a1 6a1 7a1 8a1 9a1 10a1,10,7.619,7.0489999999999995,7.84175,0.7927500000000007,6.725,8.012
campaign-20260925T060607Z,cpu4,groth16,5,verify_steady_ms,1 2 3 4 5 6 7 8 9 10,1a1 2a1 3a1 4a1 5a1 6a1 7a1 8a1 9a1 10a1,10,6.915,6.557,7.271,0.7139999999999995,5.937,8.292
campaign-20260925T060607Z,cpu4,groth16,5,stage_sum_ms,1 2 3 4 5 6 7 8 9 10,1a1 2a1 3a1 4a1 5a1 6a1 7a1 8a1 9a1 10a1,10,167.77300000000002,166.29575,168.71775,2.421999999999997,157.766,176.305
campaign-20260925T060607Z,cpu4,groth16,5,wall_ms,1 2 3 4 5 6 7 8 9 10,1a1 2a1 3a1 4a1 5a1 6a1 7a1 8a1 9a1 10a1,10,167.7925,166.31300000000002,168.73624999999998,2.4232499999999675,157.783,176.323
campaign-20260925T060607Z,cpu4,groth16,6,input_ms,1 2 3 4 5 6 7 8 9 10,1a1 2a1 3a1 4a1 5a1 6a1 7a1 8a1 9a1 10a1,10,0.8095,0.7945,0.88,0.08550000000000002,0.71,0.903
campaign-20260925T060607Z,cpu4,groth16,6,witness_ms,1 2 3 4 5 6 7 8 9 10,1a1 2a1 3a1 4a1 5a1 6a1 7a1 8a1 9a1 10a1,10,15.008,14.16675,15.743,1.57625,13.305,17.1
campaign-20260925T060607Z,cpu4,groth16,6,prove_ms,1 2 3 4 5 6 7 8 9 10,1a1 2a1 3a1 4a1 5a1 6a1 7a1 8a1 9a1 10a1,10,158.756,156.459,164.67475,8.215749999999986,152.142,178.109
campaign-20260925T060607Z,cpu4,groth16,6,verify_first_ms,1 2 3 4 5 6 7 8 9 10,1a1 2a1 3a1 4a1 5a1 6a1 7a1 8a1 9a1 10a1,10,7.6645,6.71675,7.822,1.1052499999999998,6.22,10.358
campaign-20260925T060607Z,cpu4,groth16,6,verify_steady_ms,1 2 3 4 5 6 7 8 9 10,1a1 2a1 3a1 4a1 5a1 6a1 7a1 8a1 9a1 10a1,10,7.1645,6.718999999999999,7.39825,0.6792500000000006,6.101,7.49
campaign-20260925T060607Z,cpu4,groth16,6,stage_sum_ms,1 2 3 4 5 6 7 8 9 10,1a1 2a1 3a1 4a1 5a1 6a1 7a1 8a1 9a1 10a1,10,182.53449999999998,179.00225,186.42525,7.423000000000002,174.195,205.169
campaign-20260925T060607Z,cpu4,groth16,6,wall_ms,1 2 3 4 5 6 7 8 9 10,1a1 2a1 3a1 4a1 5a1 6a1 7a1 8a1 9a1 10a1,10,182.5515,179.01799999999997,186.4405,7.422500000000014,174.211,205.184
campaign-20260925T060607Z,cpu4,groth16,7,input_ms,1 2 3 4 5 6 7 8 9 10,1a1 2a1 3a1 4a1 5a1 6a1 7a1 8a1 9a1 10a1,10,0.9,0.87775,1.1275,0.24974999999999992,0.782,4.763
campaign-20260925T060607Z,cpu4,groth16,7,witness_ms,1 2 3 4 5 6 7 8 9 10,1a1 2a1 3a1 4a1 5a1 6a1 7a1 8a1 9a1 10a1,10,14.856,14.593,15.937249999999999,1.3442499999999988,14.218,17.049
campaign-20260925T060607Z,cpu4,groth16,7,prove_ms,1 2 3 4 5 6 7 8 9 10,1a1 2a1 3a1 4a1 5a1 6a1 7a1 8a1 9a1 10a1,10,170.1885,167.44925,173.8845,6.435249999999996,164.982,178.113
campaign-20260925T060607Z,cpu4,groth16,7,verify_first_ms,1 2 3 4 5 6 7 8 9 10,1a1 2a1 3a1 4a1 5a1 6a1 7a1 8a1 9a1 10a1,10,7.5805,7.346,7.661250000000001,0.3152500000000007,7.267,7.823
campaign-20260925T060607Z,cpu4,groth16,7,verify_steady_ms,1 2 3 4 5 6 7 8 9 10,1a1 2a1 3a1 4a1 5a1 6a1 7a1 8a1 9a1 10a1,10,7.1935,7.14725,7.56325,0.41600000000000037,6.57,9.86
campaign-20260925T060607Z,cpu4,groth16,7,stage_sum_ms,1 2 3 4 5 6 7 8 9 10,1a1 2a1 3a1 4a1 5a1 6a1 7a1 8a1 9a1 10a1,10,195.11849999999998,192.50175000000002,196.65200000000002,4.15025,188.481,202.34
campaign-20260925T060607Z,cpu4,groth16,7,wall_ms,1 2 3 4 5 6 7 8 9 10,1a1 2a1 3a1 4a1 5a1 6a1 7a1 8a1 9a1 10a1,10,195.13400000000001,192.51725,196.6675,4.15025,188.496,202.358
campaign-20260925T060607Z,cpu4,groth16,8,input_ms,1 2 3 4 5 6 7 8 9 10,1a1 2a1 3a1 4a1 5a1 6a1 7a1 8a1 9a1 10a1,10,1.202,1.1837499999999999,1.3127499999999999,0.129,1.027,1.415
campaign-20260925T060607Z,cpu4,groth16,8,witness_ms,1 2 3 4 5 6 7 8 9 10,1a1 2a1 3a1 4a1 5a1 6a1 7a1 8a1 9a1 10a1,10,15.7045,14.00975,16.767,2.757249999999999,13.241,16.966
campaign-20260925T060607Z,cpu4,groth16,8,prove_ms,1 2 3 4 5 6 7 8 9 10,1a1 2a1 3a1 4a1 5a1 6a1 7a1 8a1 9a1 10a1,10,197.54899999999998,196.078,200.23149999999998,4.15349999999998,188.156,202.269
campaign-20260925T060607Z,cpu4,groth16,8,verify_first_ms,1 2 3 4 5 6 7 8 9 10,1a1 2a1 3a1 4a1 5a1 6a1 7a1 8a1 9a1 10a1,10,7.5815,7.24625,7.74375,0.4975000000000005,6.374,7.997
campaign-20260925T060607Z,cpu4,groth16,8,verify_steady_ms,1 2 3 4 5 6 7 8 9 10,1a1 2a1 3a1 4a1 5a1 6a1 7a1 8a1 9a1 10a1,10,7.089499999999999,6.7444999999999995,7.419,0.6745000000000001,6.416,8.536
campaign-20260925T060607Z,cpu4,groth16,8,stage_sum_ms,1 2 3 4 5 6 7 8 9 10,1a1 2a1 3a1 4a1 5a1 6a1 7a1 8a1 9a1 10a1,10,222.3125,220.98775,223.78975,2.8019999999999925,214.314,224.926
campaign-20260925T060607Z,cpu4,groth16,8,wall_ms,1 2 3 4 5 6 7 8 9 10,1a1 2a1 3a1 4a1 5a1 6a1 7a1 8a1 9a1 10a1,10,222.328,221.00475,223.80475,2.8000000000000114,214.332,224.944
campaign-20260925T060607Z,cpu4,groth16,9,input_ms,1 2 3 4 5 6 7 8 9 10,1a1 2a1 3a1 4a1 5a1 6a1 7a1 8a1 9a1 10a1,10,1.8925,1.866,2.01525,0.14924999999999988,1.733,2.274
campaign-20260925T060607Z,cpu4,groth16,9,witness_ms,1 2 3 4 5 6 7 8 9 10,1a1 2a1 3a1 4a1 5a1 6a1 7a1 8a1 9a1 10a1,10,15.343,14.83925,15.682749999999999,0.8434999999999988,14.309,17.937
campaign-20260925T060607Z,cpu4,groth16,9,prove_ms,1 2 3 4 5 6 7 8 9 10,1a1 2a1 3a1 4a1 5a1 6a1 7a1 8a1 9a1 10a1,10,209.21949999999998,206.933,211.05849999999998,4.125499999999988,204.047,219.382
campaign-20260925T060607Z,cpu4,groth16,9,verify_first_ms,1 2 3 4 5 6 7 8 9 10,1a1 2a1 3a1 4a1 5a1 6a1 7a1 8a1 9a1 10a1,10,7.7285,7.63375,7.79625,0.16249999999999964,6.208,7.925
campaign-20260925T060607Z,cpu4,groth16,9,verify_steady_ms,1 2 3 4 5 6 7 8 9 10,1a1 2a1 3a1 4a1 5a1 6a1 7a1 8a1 9a1 10a1,10,7.0605,7.03,7.121,0.09100000000000019,5.993,11.755
campaign-20260925T060607Z,cpu4,groth16,9,stage_sum_ms,1 2 3 4 5 6 7 8 9 10,1a1 2a1 3a1 4a1 5a1 6a1 7a1 8a1 9a1 10a1,10,233.742,232.3265,237.3455,5.018999999999977,228.419,244.605
campaign-20260925T060607Z,cpu4,groth16,9,wall_ms,1 2 3 4 5 6 7 8 9 10,1a1 2a1 3a1 4a1 5a1 6a1 7a1 8a1 9a1 10a1,10,233.7585,232.34125,237.3615,5.020250000000004,228.434,244.621
campaign-20260925T060607Z,cpu4,plonk,10,input_ms,1 2 3 4 5,1a1 2a1 3a1 4a1 5a1,5,2.875,2.797,3.536,0.7389999999999999,2.712,3.542
campaign-20260925T060607Z,cpu4,plonk,10,witness_ms,1 2 3 4 5,1a1 2a1 3a1 4a1 5a1,5,15.644,15.24,16.739,1.4990000000000006,14.751,17.345
campaign-20260925T060607Z,cpu4,plonk,10,prove_ms,1 2 3 4 5,1a1 2a1 3a1 4a1 5a1,5,10236.819,10212.19,10336.385,124.19499999999971,10102.562,11453.297
campaign-20260925T060607Z,cpu4,plonk,10,verify_first_ms,1 2 3 4 5,1a1 2a1 3a1 4a1 5a1,5,7.943,7.594,8.655,1.060999999999999,7.588,9.24
campaign-20260925T060607Z,cpu4,plonk,10,verify_steady_ms,1 2 3 4 5,1a1 2a1 3a1 4a1 5a1,5,7.216,7.2,7.228,0.02799999999999958,7.107,7.328
campaign-20260925T060607Z,cpu4,plonk,10,stage_sum_ms,1 2 3 4 5,1a1 2a1 3a1 4a1 5a1,5,10263.055,10237.892,10365.9,128.0079999999998,10129.658,11480.949
campaign-20260925T060607Z,cpu4,plonk,10,wall_ms,1 2 3 4 5,1a1 2a1 3a1 4a1 5a1,5,10263.071,10237.909,10365.917,128.0079999999998,10129.676,11480.968
campaign-20260925T060607Z,cpu4,plonk,11,input_ms,1 2 3 4 5,1a1 2a1 3a1 4a1 5a1,5,5.904,5.76,6.15,0.39000000000000057,5.673,6.592
campaign-20260925T060607Z,cpu4,plonk,11,witness_ms,1 2 3 4 5,1a1 2a1 3a1 4a1 5a1,5,16.738,15.646,16.783,1.1370000000000005,15.299,16.9
campaign-20260925T060607Z,cpu4,plonk,11,prove_ms,1 2 3 4 5,1a1 2a1 3a1 4a1 5a1,5,19747.795,19662.624,19924.481,261.85699999999997,19512.09,22122.791
campaign-20260925T060607Z,cpu4,plonk,11,verify_first_ms,1 2 3 4 5,1a1 2a1 3a1 4a1 5a1,5,7.98,7.871,8.176,0.3049999999999997,7.752,13.321
campaign-20260925T060607Z,cpu4,plonk,11,verify_steady_ms,1 2 3 4 5,1a1 2a1 3a1 4a1 5a1,5,7.256,7.253,7.304,0.051000000000000156,7.232,7.312
campaign-20260925T060607Z,cpu4,plonk,11,stage_sum_ms,1 2 3 4 5,1a1 2a1 3a1 4a1 5a1,5,19783.613,19692.118,19953.681,261.5630000000019,19542.765,22154.146
campaign-20260925T060607Z,cpu4,plonk,11,wall_ms,1 2 3 4 5,1a1 2a1 3a1 4a1 5a1,5,19783.635,19692.135,19953.701,261.56600000000253,19542.786,22154.163
campaign-20260925T060607Z,cpu4,plonk,12,input_ms,1 2 3 4 5,1a1 2a1 3a1 4a1 5a1,5,14.557,11.049,16.99,5.940999999999999,8.956,17.227
campaign-20260925T060607Z,cpu4,plonk,12,witness_ms,1 2 3 4 5,1a1 2a1 3a1 4a1 5a1,5,17.229,15.452,18.142,2.6899999999999995,15.342,18.752
campaign-20260925T060607Z,cpu4,plonk,12,prove_ms,1 2 3 4 5,1a1 2a1 3a1 4a1 5a1,5,19680.475,19642.635,19690.721,48.08600000000297,19613.676,22069.767
campaign-20260925T060607Z,cpu4,plonk,12,verify_first_ms,1 2 3 4 5,1a1 2a1 3a1 4a1 5a1,5,9.315,8.844,9.864,1.0200000000000014,7.935,12.434
campaign-20260925T060607Z,cpu4,plonk,12,verify_steady_ms,1 2 3 4 5,1a1 2a1 3a1 4a1 5a1,5,7.231,7.149,7.246,0.09700000000000042,7.053,7.382
campaign-20260925T060607Z,cpu4,plonk,12,stage_sum_ms,1 2 3 4 5,1a1 2a1 3a1 4a1 5a1,5,19718.98,19683.265,19732.918,49.653000000002066,19662.089,22102.109
campaign-20260925T060607Z,cpu4,plonk,12,wall_ms,1 2 3 4 5,1a1 2a1 3a1 4a1 5a1,5,19719.005,19683.288,19732.94,49.651999999998225,19662.112,22102.131
campaign-20260925T060607Z,cpu4,plonk,13,input_ms,1 2 3 4 5,1a1 2a1 3a1 4a1 5a1,5,23.326,22.496,23.464,0.968,22.112,24.042
campaign-20260925T060607Z,cpu4,plonk,13,witness_ms,1 2 3 4 5,1a1 2a1 3a1 4a1 5a1,5,19.065,18.758,19.274,0.5160000000000018,18.526,21.583
campaign-20260925T060607Z,cpu4,plonk,13,prove_ms,1 2 3 4 5,1a1 2a1 3a1 4a1 5a1,5,19755.951,19605.421,19999.855,394.4340000000011,19521.15,22138.993
campaign-20260925T060607Z,cpu4,plonk,13,verify_first_ms,1 2 3 4 5,1a1 2a1 3a1 4a1 5a1,5,7.969,7.774,8.076,0.3020000000000005,7.745,9.578
campaign-20260925T060607Z,cpu4,plonk,13,verify_steady_ms,1 2 3 4 5,1a1 2a1 3a1 4a1 5a1,5,7.265,7.16,7.272,0.1120000000000001,7.058,7.344
campaign-20260925T060607Z,cpu4,plonk,13,stage_sum_ms,1 2 3 4 5,1a1 2a1 3a1 4a1 5a1,5,19804.873,19657.738,20051.904,394.16599999999744,19571.492,22189.153
campaign-20260925T060607Z,cpu4,plonk,13,wall_ms,1 2 3 4 5,1a1 2a1 3a1 4a1 5a1,5,19804.896,19657.772,20051.93,394.15799999999945,19571.525,22189.175
campaign-20260925T060607Z,cpu4,plonk,14,input_ms,1 2 3 4 5,1a1 2a1 3a1 4a1 5a1,5,45.064,43.021,47.145,4.124000000000002,40.808,56.662
campaign-20260925T060607Z,cpu4,plonk,14,witness_ms,1 2 3 4 5,1a1 2a1 3a1 4a1 5a1,5,18.753,18.534,19.383,0.8490000000000002,16.874,21.111
campaign-20260925T060607Z,cpu4,plonk,14,prove_ms,1 2 3 4 5,1a1 2a1 3a1 4a1 5a1,5,19609.663,19584.503,20041.854,457.35099999999875,19457.551,22124.977
campaign-20260925T060607Z,cpu4,plonk,14,verify_first_ms,1 2 3 4 5,1a1 2a1 3a1 4a1 5a1,5,7.815,7.764,9.351,1.5870000000000006,7.701,10.647
campaign-20260925T060607Z,cpu4,plonk,14,verify_steady_ms,1 2 3 4 5,1a1 2a1 3a1 4a1 5a1,5,7.233,7.225,7.294,0.06899999999999995,7.119,7.325
campaign-20260925T060607Z,cpu4,plonk,14,stage_sum_ms,1 2 3 4 5,1a1 2a1 3a1 4a1 5a1,5,19679.2,19660.461,20111.608,451.14700000000084,19528.388,22209.523
campaign-20260925T060607Z,cpu4,plonk,14,wall_ms,1 2 3 4 5,1a1 2a1 3a1 4a1 5a1,5,19679.226,19660.487,20111.633,451.14600000000064,19528.415,22209.554
campaign-20260925T060607Z,cpu4,plonk,15,input_ms,1 2 3 4 5,1a1 2a1 3a1 4a1 5a1,5,111.103,100.757,113.114,12.357,100.347,114.811
campaign-20260925T060607Z,cpu4,plonk,15,witness_ms,1 2 3 4 5,1a1 2a1 3a1 4a1 5a1,5,23.964,20.893,25.058,4.164999999999999,20.308,28.286
campaign-20260925T060607Z,cpu4,plonk,15,prove_ms,1 2 3 4 5,1a1 2a1 3a1 4a1 5a1,5,19734.895,19643.551,19879.637,236.08599999999933,19515.104,22216.288
campaign-20260925T060607Z,cpu4,plonk,15,verify_first_ms,1 2 3 4 5,1a1 2a1 3a1 4a1 5a1,5,7.764,7.753,8.319,0.5660000000000007,7.689,10.468
campaign-20260925T060607Z,cpu4,plonk,15,verify_steady_ms,1 2 3 4 5,1a1 2a1 3a1 4a1 5a1,5,7.209,7.146,7.271,0.125,7.081,7.347
campaign-20260925T060607Z,cpu4,plonk,15,stage_sum_ms,1 2 3 4 5,1a1 2a1 3a1 4a1 5a1,5,19869.029,19784.737,20015.958,231.22099999999773,19661.632,22358.752
campaign-20260925T060607Z,cpu4,plonk,15,wall_ms,1 2 3 4 5,1a1 2a1 3a1 4a1 5a1,5,19869.055,19784.761,20015.982,231.22100000000137,19661.659,22358.778
campaign-20260925T060607Z,cpu4,plonk,5,input_ms,1 2 3 4 5,1a1 2a1 3a1 4a1 5a1,5,0.794,0.7,0.799,0.09900000000000009,0.651,0.843
campaign-20260925T060607Z,cpu4,plonk,5,witness_ms,1 2 3 4 5,1a1 2a1 3a1 4a1 5a1,5,14.591,13.971,16.079,2.1080000000000005,13.779,16.718
campaign-20260925T060607Z,cpu4,plonk,5,prove_ms,1 2 3 4 5,1a1 2a1 3a1 4a1 5a1,5,10206.052,10109.749,10463.289,353.5400000000009,10109.233,11492.293
campaign-20260925T060607Z,cpu4,plonk,5,verify_first_ms,1 2 3 4 5,1a1 2a1 3a1 4a1 5a1,5,7.75,7.652,7.792,0.13999999999999968,7.511,8.088
campaign-20260925T060607Z,cpu4,plonk,5,verify_steady_ms,1 2 3 4 5,1a1 2a1 3a1 4a1 5a1,5,7.264,7.239,7.276,0.03699999999999992,7.177,7.279
campaign-20260925T060607Z,cpu4,plonk,5,stage_sum_ms,1 2 3 4 5,1a1 2a1 3a1 4a1 5a1,5,10229.278,10134.495,10485.23,350.73499999999876,10132.608,11516.725
campaign-20260925T060607Z,cpu4,plonk,5,wall_ms,1 2 3 4 5,1a1 2a1 3a1 4a1 5a1,5,10229.299,10134.516,10485.25,350.7340000000004,10132.63,11516.745
campaign-20260925T060607Z,cpu4,plonk,6,input_ms,1 2 3 4 5,1a1 2a1 3a1 4a1 5a1,5,0.874,0.82,0.882,0.062000000000000055,0.763,0.897
campaign-20260925T060607Z,cpu4,plonk,6,witness_ms,1 2 3 4 5,1a1 2a1 3a1 4a1 5a1,5,15.01,14.11,15.232,1.1219999999999999,14.098,15.404
campaign-20260925T060607Z,cpu4,plonk,6,prove_ms,1 2 3 4 5,1a1 2a1 3a1 4a1 5a1,5,10220.468,10163.384,10290.249,126.86499999999978,10136.729,11458.655
campaign-20260925T060607Z,cpu4,plonk,6,verify_first_ms,1 2 3 4 5,1a1 2a1 3a1 4a1 5a1,5,8.648,7.873,8.739,0.8660000000000005,7.672,9.649
campaign-20260925T060607Z,cpu4,plonk,6,verify_steady_ms,1 2 3 4 5,1a1 2a1 3a1 4a1 5a1,5,7.269,7.202,7.289,0.08699999999999974,7.081,7.319
campaign-20260925T060607Z,cpu4,plonk,6,stage_sum_ms,1 2 3 4 5,1a1 2a1 3a1 4a1 5a1,5,10245.092,10185.929,10315.012,129.08300000000054,10161.373,11482.752
campaign-20260925T060607Z,cpu4,plonk,6,wall_ms,1 2 3 4 5,1a1 2a1 3a1 4a1 5a1,5,10245.106,10185.943,10315.027,129.08400000000074,10161.398,11482.767
campaign-20260925T060607Z,cpu4,plonk,7,input_ms,1 2 3 4 5,1a1 2a1 3a1 4a1 5a1,5,1.075,0.86,2.701,1.8410000000000002,0.798,6.186
campaign-20260925T060607Z,cpu4,plonk,7,witness_ms,1 2 3 4 5,1a1 2a1 3a1 4a1 5a1,5,14.007,13.635,14.657,1.0220000000000002,13.22,15.053
campaign-20260925T060607Z,cpu4,plonk,7,prove_ms,1 2 3 4 5,1a1 2a1 3a1 4a1 5a1,5,10298.39,10191.728,10938.72,746.9920000000002,10178.367,11916.768
campaign-20260925T060607Z,cpu4,plonk,7,verify_first_ms,1 2 3 4 5,1a1 2a1 3a1 4a1 5a1,5,7.823,7.658,8.298,0.6399999999999997,7.573,8.968
campaign-20260925T060607Z,cpu4,plonk,7,verify_steady_ms,1 2 3 4 5,1a1 2a1 3a1 4a1 5a1,5,7.235,7.228,7.238,0.010000000000000675,7.161,7.3
campaign-20260925T060607Z,cpu4,plonk,7,stage_sum_ms,1 2 3 4 5,1a1 2a1 3a1 4a1 5a1,5,10328.596,10215.032,10961.038,746.0060000000012,10203.374,11938.444
campaign-20260925T060607Z,cpu4,plonk,7,wall_ms,1 2 3 4 5,1a1 2a1 3a1 4a1 5a1,5,10328.614,10215.047,10961.052,746.0049999999992,10203.462,11938.458
campaign-20260925T060607Z,cpu4,plonk,8,input_ms,1 2 3 4 5,1a1 2a1 3a1 4a1 5a1,5,1.171,1.148,1.199,0.051000000000000156,1.052,1.273
campaign-20260925T060607Z,cpu4,plonk,8,witness_ms,1 2 3 4 5,1a1 2a1 3a1 4a1 5a1,5,15.013,14.761,15.314,0.5530000000000008,13.681,15.843
campaign-20260925T060607Z,cpu4,plonk,8,prove_ms,1 2 3 4 5,1a1 2a1 3a1 4a1 5a1,5,10242.538,10166.785,10262.81,96.02499999999964,10143.488,10272.501
campaign-20260925T060607Z,cpu4,plonk,8,verify_first_ms,1 2 3 4 5,1a1 2a1 3a1 4a1 5a1,5,8.11,7.743,8.838,1.0949999999999989,7.714,8.959
campaign-20260925T060607Z,cpu4,plonk,8,verify_steady_ms,1 2 3 4 5,1a1 2a1 3a1 4a1 5a1,5,7.288,7.202,7.293,0.09100000000000019,7.183,7.298
campaign-20260925T060607Z,cpu4,plonk,8,stage_sum_ms,1 2 3 4 5,1a1 2a1 3a1 4a1 5a1,5,10267.307,10191.905,10287.139,95.23399999999856,10165.936,10297.653
campaign-20260925T060607Z,cpu4,plonk,8,wall_ms,1 2 3 4 5,1a1 2a1 3a1 4a1 5a1,5,10267.323,10191.921,10287.155,95.23400000000038,10165.951,10297.674
campaign-20260925T060607Z,cpu4,plonk,9,input_ms,1 2 3 4 5,1a1 2a1 3a1 4a1 5a1,5,1.825,1.799,1.975,0.17600000000000016,1.725,2.132
campaign-20260925T060607Z,cpu4,plonk,9,witness_ms,1 2 3 4 5,1a1 2a1 3a1 4a1 5a1,5,15.732,15.445,16.295,0.8500000000000014,15.273,16.879
campaign-20260925T060607Z,cpu4,plonk,9,prove_ms,1 2 3 4 5,1a1 2a1 3a1 4a1 5a1,5,10219.908,10202.115,10257.965,55.850000000000364,10200.581,11449.937
campaign-20260925T060607Z,cpu4,plonk,9,verify_first_ms,1 2 3 4 5,1a1 2a1 3a1 4a1 5a1,5,8.537,7.585,9.15,1.5650000000000004,7.575,9.683
campaign-20260925T060607Z,cpu4,plonk,9,verify_steady_ms,1 2 3 4 5,1a1 2a1 3a1 4a1 5a1,5,7.228,7.222,7.268,0.045999999999999375,7.172,7.323
campaign-20260925T060607Z,cpu4,plonk,9,stage_sum_ms,1 2 3 4 5,1a1 2a1 3a1 4a1 5a1,5,10245.503,10228.409,10282.955,54.54600000000028,10228.359,11476.89
campaign-20260925T060607Z,cpu4,plonk,9,wall_ms,1 2 3 4 5,1a1 2a1 3a1 4a1 5a1,5,10245.517,10228.429,10282.972,54.542999999999665,10228.373,11476.907
campaign-20260925T060607Z,cpu8,groth16,10,input_ms,1 2 3 4 5 6 7 8 9 10,1a1 2a1 3a1 4a1 5a1 6a1 7a1 8a1 9a1 10a1,10,2.8899999999999997,2.7215000000000003,3.0774999999999997,0.35599999999999943,2.633,4.762
campaign-20260925T060607Z,cpu8,groth16,10,witness_ms,1 2 3 4 5 6 7 8 9 10,1a1 2a1 3a1 4a1 5a1 6a1 7a1 8a1 9a1 10a1,10,14.8055,13.8065,15.38875,1.5822500000000002,13.639,16.772
campaign-20260925T060607Z,cpu8,groth16,10,prove_ms,1 2 3 4 5 6 7 8 9 10,1a1 2a1 3a1 4a1 5a1 6a1 7a1 8a1 9a1 10a1,10,156.8845,155.81975,157.7735,1.9537500000000136,154.238,160.616
campaign-20260925T060607Z,cpu8,groth16,10,verify_first_ms,1 2 3 4 5 6 7 8 9 10,1a1 2a1 3a1 4a1 5a1 6a1 7a1 8a1 9a1 10a1,10,5.9435,5.80125,6.06825,0.26700000000000035,5.748,6.359
campaign-20260925T060607Z,cpu8,groth16,10,verify_steady_ms,1 2 3 4 5 6 7 8 9 10,1a1 2a1 3a1 4a1 5a1 6a1 7a1 8a1 9a1 10a1,10,5.9205000000000005,5.8175,6.00725,0.18975000000000009,5.726,6.562
campaign-20260925T060607Z,cpu8,groth16,10,stage_sum_ms,1 2 3 4 5 6 7 8 9 10,1a1 2a1 3a1 4a1 5a1 6a1 7a1 8a1 9a1 10a1,10,180.786,178.50375,182.182,3.6782499999999914,177.211,186.129
campaign-20260925T060607Z,cpu8,groth16,10,wall_ms,1 2 3 4 5 6 7 8 9 10,1a1 2a1 3a1 4a1 5a1 6a1 7a1 8a1 9a1 10a1,10,180.803,178.5215,182.20325000000003,3.6817500000000223,177.228,186.145
campaign-20260925T060607Z,cpu8,groth16,11,input_ms,1 2 3 4 5 6 7 8 9 10,1a1 2a1 3a1 4a1 5a1 6a1 7a1 8a1 9a1 10a1,10,6.809,5.90325,7.093249999999999,1.1899999999999995,5.627,7.457
campaign-20260925T060607Z,cpu8,groth16,11,witness_ms,1 2 3 4 5 6 7 8 9 10,1a1 2a1 3a1 4a1 5a1 6a1 7a1 8a1 9a1 10a1,10,14.09,13.92475,15.55875,1.6340000000000003,13.416,17.321
campaign-20260925T060607Z,cpu8,groth16,11,prove_ms,1 2 3 4 5 6 7 8 9 10,1a1 2a1 3a1 4a1 5a1 6a1 7a1 8a1 9a1 10a1,10,164.539,162.76,166.46825,3.708250000000021,160.566,168.123
campaign-20260925T060607Z,cpu8,groth16,11,verify_first_ms,1 2 3 4 5 6 7 8 9 10,1a1 2a1 3a1 4a1 5a1 6a1 7a1 8a1 9a1 10a1,10,6.03,5.80675,6.111,0.3042499999999997,5.724,9.034
campaign-20260925T060607Z,cpu8,groth16,11,verify_steady_ms,1 2 3 4 5 6 7 8 9 10,1a1 2a1 3a1 4a1 5a1 6a1 7a1 8a1 9a1 10a1,10,6.042999999999999,5.994,6.165,0.17100000000000026,5.851,7.635
campaign-20260925T060607Z,cpu8,groth16,11,stage_sum_ms,1 2 3 4 5 6 7 8 9 10,1a1 2a1 3a1 4a1 5a1 6a1 7a1 8a1 9a1 10a1,10,191.7135,190.2175,194.38925,4.171750000000003,186.395,198.343
campaign-20260925T060607Z,cpu8,groth16,11,wall_ms,1 2 3 4 5 6 7 8 9 10,1a1 2a1 3a1 4a1 5a1 6a1 7a1 8a1 9a1 10a1,10,191.7355,190.23775,194.41125,4.17349999999999,186.414,198.363
campaign-20260925T060607Z,cpu8,groth16,12,input_ms,1 2 3 4 5 6 7 8 9 10,1a1 2a1 3a1 4a1 5a1 6a1 7a1 8a1 9a1 10a1,10,15.0395,10.3885,15.862,5.4735,8.804,17.718
campaign-20260925T060607Z,cpu8,groth16,12,witness_ms,1 2 3 4 5 6 7 8 9 10,1a1 2a1 3a1 4a1 5a1 6a1 7a1 8a1 9a1 10a1,10,16.7885,14.885250000000001,19.1055,4.220249999999998,14.179,20.291
campaign-20260925T060607Z,cpu8,groth16,12,prove_ms,1 2 3 4 5 6 7 8 9 10,1a1 2a1 3a1 4a1 5a1 6a1 7a1 8a1 9a1 10a1,10,172.32150000000001,171.1435,173.71675,2.5732500000000016,170.462,178.151
campaign-20260925T060607Z,cpu8,groth16,12,verify_first_ms,1 2 3 4 5 6 7 8 9 10,1a1 2a1 3a1 4a1 5a1 6a1 7a1 8a1 9a1 10a1,10,5.984,5.91175,6.0705,0.1587500000000004,5.732,6.334
campaign-20260925T060607Z,cpu8,groth16,12,verify_steady_ms,1 2 3 4 5 6 7 8 9 10,1a1 2a1 3a1 4a1 5a1 6a1 7a1 8a1 9a1 10a1,10,6.04,5.8835,6.066,0.1825000000000001,5.828,6.174
campaign-20260925T060607Z,cpu8,groth16,12,stage_sum_ms,1 2 3 4 5 6 7 8 9 10,1a1 2a1 3a1 4a1 5a1 6a1 7a1 8a1 9a1 10a1,10,211.43099999999998,202.4095,213.767,11.357499999999987,199.837,220.744
campaign-20260925T060607Z,cpu8,groth16,12,wall_ms,1 2 3 4 5 6 7 8 9 10,1a1 2a1 3a1 4a1 5a1 6a1 7a1 8a1 9a1 10a1,10,211.45499999999998,202.4365,213.79525,11.358750000000015,199.859,220.767
campaign-20260925T060607Z,cpu8,groth16,13,input_ms,1 2 3 4 5 6 7 8 9 10,1a1 2a1 3a1 4a1 5a1 6a1 7a1 8a1 9a1 10a1,10,30.864,26.6355,31.666,5.0305,22.255,32.273
campaign-20260925T060607Z,cpu8,groth16,13,witness_ms,1 2 3 4 5 6 7 8 9 10,1a1 2a1 3a1 4a1 5a1 6a1 7a1 8a1 9a1 10a1,10,18.988,18.206500000000002,19.497500000000002,1.2910000000000004,16.365,20.062
campaign-20260925T060607Z,cpu8,groth16,13,prove_ms,1 2 3 4 5 6 7 8 9 10,1a1 2a1 3a1 4a1 5a1 6a1 7a1 8a1 9a1 10a1,10,179.058,178.476,180.96925,2.493249999999989,177.44,224.393
campaign-20260925T060607Z,cpu8,groth16,13,verify_first_ms,1 2 3 4 5 6 7 8 9 10,1a1 2a1 3a1 4a1 5a1 6a1 7a1 8a1 9a1 10a1,10,5.9239999999999995,5.88225,6.1925,0.3102499999999999,5.783,7.854
campaign-20260925T060607Z,cpu8,groth16,13,verify_steady_ms,1 2 3 4 5 6 7 8 9 10,1a1 2a1 3a1 4a1 5a1 6a1 7a1 8a1 9a1 10a1,10,5.8629999999999995,5.777,6.0055,0.22849999999999948,5.717,6.303
campaign-20260925T060607Z,cpu8,groth16,13,stage_sum_ms,1 2 3 4 5 6 7 8 9 10,1a1 2a1 3a1 4a1 5a1 6a1 7a1 8a1 9a1 10a1,10,234.201,230.04625,237.63975,7.593500000000006,226.171,279.804
campaign-20260925T060607Z,cpu8,groth16,13,wall_ms,1 2 3 4 5 6 7 8 9 10,1a1 2a1 3a1 4a1 5a1 6a1 7a1 8a1 9a1 10a1,10,234.23000000000002,230.07175,237.6665,7.594750000000005,226.195,279.832
campaign-20260925T060607Z,cpu8,groth16,14,input_ms,1 2 3 4 5 6 7 8 9 10,1a1 2a1 3a1 4a1 5a1 6a1 7a1 8a1 9a1 10a1,10,52.604,47.16075,53.419,6.258249999999997,42.085,55.313
campaign-20260925T060607Z,cpu8,groth16,14,witness_ms,1 2 3 4 5 6 7 8 9 10,1a1 2a1 3a1 4a1 5a1 6a1 7a1 8a1 9a1 10a1,10,17.8935,17.1505,18.059749999999998,0.9092499999999966,16.742,20.933
campaign-20260925T060607Z,cpu8,groth16,14,prove_ms,1 2 3 4 5 6 7 8 9 10,1a1 2a1 3a1 4a1 5a1 6a1 7a1 8a1 9a1 10a1,10,187.90249999999997,186.27325,188.69975,2.4265000000000043,184.804,189.366
campaign-20260925T060607Z,cpu8,groth16,14,verify_first_ms,1 2 3 4 5 6 7 8 9 10,1a1 2a1 3a1 4a1 5a1 6a1 7a1 8a1 9a1 10a1,10,5.955,5.830500000000001,6.115,0.28449999999999953,5.762,7.071
campaign-20260925T060607Z,cpu8,groth16,14,verify_steady_ms,1 2 3 4 5 6 7 8 9 10,1a1 2a1 3a1 4a1 5a1 6a1 7a1 8a1 9a1 10a1,10,5.8945,5.85325,6.0355,0.1822499999999998,5.799,6.158
campaign-20260925T060607Z,cpu8,groth16,14,stage_sum_ms,1 2 3 4 5 6 7 8 9 10,1a1 2a1 3a1 4a1 5a1 6a1 7a1 8a1 9a1 10a1,10,264.8425,258.40275,265.94325000000003,7.540500000000009,249.553,268.756
campaign-20260925T060607Z,cpu8,groth16,14,wall_ms,1 2 3 4 5 6 7 8 9 10,1a1 2a1 3a1 4a1 5a1 6a1 7a1 8a1 9a1 10a1,10,264.8685,258.43,265.96799999999996,7.537999999999954,249.579,268.781
campaign-20260925T060607Z,cpu8,groth16,15,input_ms,1 2 3 4 5 6 7 8 9 10,1a1 2a1 3a1 4a1 5a1 6a1 7a1 8a1 9a1 10a1,10,117.31700000000001,105.58949999999999,119.015,13.425500000000014,100.476,120.565
campaign-20260925T060607Z,cpu8,groth16,15,witness_ms,1 2 3 4 5 6 7 8 9 10,1a1 2a1 3a1 4a1 5a1 6a1 7a1 8a1 9a1 10a1,10,21.421,20.99025,23.6615,2.6712500000000006,19.76,26.923
campaign-20260925T060607Z,cpu8,groth16,15,prove_ms,1 2 3 4 5 6 7 8 9 10,1a1 2a1 3a1 4a1 5a1 6a1 7a1 8a1 9a1 10a1,10,195.33249999999998,192.9895,197.47899999999998,4.4894999999999925,188.058,200.492
campaign-20260925T060607Z,cpu8,groth16,15,verify_first_ms,1 2 3 4 5 6 7 8 9 10,1a1 2a1 3a1 4a1 5a1 6a1 7a1 8a1 9a1 10a1,10,6.131,5.964,6.898999999999999,0.9349999999999987,5.791,9.92
campaign-20260925T060607Z,cpu8,groth16,15,verify_steady_ms,1 2 3 4 5 6 7 8 9 10,1a1 2a1 3a1 4a1 5a1 6a1 7a1 8a1 9a1 10a1,10,5.994999999999999,5.80575,6.156000000000001,0.35025000000000084,5.717,6.463
campaign-20260925T060607Z,cpu8,groth16,15,stage_sum_ms,1 2 3 4 5 6 7 8 9 10,1a1 2a1 3a1 4a1 5a1 6a1 7a1 8a1 9a1 10a1,10,341.36400000000003,329.4475,343.86625,14.418749999999989,320.469,348.988
campaign-20260925T060607Z,cpu8,groth16,15,wall_ms,1 2 3 4 5 6 7 8 9 10,1a1 2a1 3a1 4a1 5a1 6a1 7a1 8a1 9a1 10a1,10,341.3945,329.4735,343.8935,14.420000000000016,320.494,349.014
campaign-20260925T060607Z,cpu8,groth16,5,input_ms,1 2 3 4 5 6 7 8 9 10,1a1 2a1 3a1 4a1 5a1 6a1 7a1 8a1 9a1 10a1,10,0.7665,0.74325,0.8495,0.10625000000000007,0.537,6.552
campaign-20260925T060607Z,cpu8,groth16,5,witness_ms,1 2 3 4 5 6 7 8 9 10,1a1 2a1 3a1 4a1 5a1 6a1 7a1 8a1 9a1 10a1,10,13.2025,12.716000000000001,13.78325,1.0672499999999996,12.561,16.088
campaign-20260925T060607Z,cpu8,groth16,5,prove_ms,1 2 3 4 5 6 7 8 9 10,1a1 2a1 3a1 4a1 5a1 6a1 7a1 8a1 9a1 10a1,10,104.11,102.99225,105.65950000000001,2.66725000000001,101.698,110.457
campaign-20260925T060607Z,cpu8,groth16,5,verify_first_ms,1 2 3 4 5 6 7 8 9 10,1a1 2a1 3a1 4a1 5a1 6a1 7a1 8a1 9a1 10a1,10,6.3614999999999995,6.23175,6.46325,0.23150000000000048,5.802,8.756
campaign-20260925T060607Z,cpu8,groth16,5,verify_steady_ms,1 2 3 4 5 6 7 8 9 10,1a1 2a1 3a1 4a1 5a1 6a1 7a1 8a1 9a1 10a1,10,6.031499999999999,5.84,6.26675,0.4267500000000002,5.76,7.174
campaign-20260925T060607Z,cpu8,groth16,5,stage_sum_ms,1 2 3 4 5 6 7 8 9 10,1a1 2a1 3a1 4a1 5a1 6a1 7a1 8a1 9a1 10a1,10,126.1905,123.8235,129.24325,5.419749999999993,121.374,131.273
campaign-20260925T060607Z,cpu8,groth16,5,wall_ms,1 2 3 4 5 6 7 8 9 10,1a1 2a1 3a1 4a1 5a1 6a1 7a1 8a1 9a1 10a1,10,126.211,123.842,129.266,5.423999999999992,121.393,131.293
campaign-20260925T060607Z,cpu8,groth16,6,input_ms,1 2 3 4 5 6 7 8 9 10,1a1 2a1 3a1 4a1 5a1 6a1 7a1 8a1 9a1 10a1,10,0.791,0.7495,0.834,0.08449999999999991,0.643,0.89
campaign-20260925T060607Z,cpu8,groth16,6,witness_ms,1 2 3 4 5 6 7 8 9 10,1a1 2a1 3a1 4a1 5a1 6a1 7a1 8a1 9a1 10a1,10,13.401,13.221499999999999,13.756,0.5345000000000013,12.83,14.836
campaign-20260925T060607Z,cpu8,groth16,6,prove_ms,1 2 3 4 5 6 7 8 9 10,1a1 2a1 3a1 4a1 5a1 6a1 7a1 8a1 9a1 10a1,10,111.91900000000001,110.24875,112.38550000000001,2.1367500000000064,109.354,114.761
campaign-20260925T060607Z,cpu8,groth16,6,verify_first_ms,1 2 3 4 5 6 7 8 9 10,1a1 2a1 3a1 4a1 5a1 6a1 7a1 8a1 9a1 10a1,10,6.3045,6.26975,6.56375,0.2939999999999996,6.1,6.891
campaign-20260925T060607Z,cpu8,groth16,6,verify_steady_ms,1 2 3 4 5 6 7 8 9 10,1a1 2a1 3a1 4a1 5a1 6a1 7a1 8a1 9a1 10a1,10,5.910500000000001,5.78425,6.09975,0.3155000000000001,5.709,6.213
campaign-20260925T060607Z,cpu8,groth16,6,stage_sum_ms,1 2 3 4 5 6 7 8 9 10,1a1 2a1 3a1 4a1 5a1 6a1 7a1 8a1 9a1 10a1,10,132.31150000000002,131.705,133.0085,1.3034999999999854,129.771,135.101
campaign-20260925T060607Z,cpu8,groth16,6,wall_ms,1 2 3 4 5 6 7 8 9 10,1a1 2a1 3a1 4a1 5a1 6a1 7a1 8a1 9a1 10a1,10,132.3265,131.71949999999998,133.02225,1.3027500000000316,129.785,135.118
campaign-20260925T060607Z,cpu8,groth16,7,input_ms,1 2 3 4 5 6 7 8 9 10,1a1 2a1 3a1 4a1 5a1 6a1 7a1 8a1 9a1 10a1,10,0.9285,0.81725,1.34,0.52275,0.739,3.924
campaign-20260925T060607Z,cpu8,groth16,7,witness_ms,1 2 3 4 5 6 7 8 9 10,1a1 2a1 3a1 4a1 5a1 6a1 7a1 8a1 9a1 10a1,10,14.057,13.30775,14.42175,1.113999999999999,12.294,15.75
campaign-20260925T060607Z,cpu8,groth16,7,prove_ms,1 2 3 4 5 6 7 8 9 10,1a1 2a1 3a1 4a1 5a1 6a1 7a1 8a1 9a1 10a1,10,121.194,119.67125,122.47825,2.807000000000002,116.686,133.431
campaign-20260925T060607Z,cpu8,groth16,7,verify_first_ms,1 2 3 4 5 6 7 8 9 10,1a1 2a1 3a1 4a1 5a1 6a1 7a1 8a1 9a1 10a1,10,6.34,6.2275,6.635,0.40749999999999975,6.063,8.828
campaign-20260925T060607Z,cpu8,groth16,7,verify_steady_ms,1 2 3 4 5 6 7 8 9 10,1a1 2a1 3a1 4a1 5a1 6a1 7a1 8a1 9a1 10a1,10,6.024,5.873,6.03875,0.16575000000000006,5.697,7.737
campaign-20260925T060607Z,cpu8,groth16,7,stage_sum_ms,1 2 3 4 5 6 7 8 9 10,1a1 2a1 3a1 4a1 5a1 6a1 7a1 8a1 9a1 10a1,10,141.78250000000003,140.20299999999997,145.42425,5.221250000000026,139.343,157.358
campaign-20260925T060607Z,cpu8,groth16,7,wall_ms,1 2 3 4 5 6 7 8 9 10,1a1 2a1 3a1 4a1 5a1 6a1 7a1 8a1 9a1 10a1,10,141.7985,140.2265,145.44150000000002,5.215000000000032,139.356,157.375
campaign-20260925T060607Z,cpu8,groth16,8,input_ms,1 2 3 4 5 6 7 8 9 10,1a1 2a1 3a1 4a1 5a1 6a1 7a1 8a1 9a1 10a1,10,1.1945000000000001,1.12775,1.42575,0.29800000000000004,1.015,5.291
campaign-20260925T060607Z,cpu8,groth16,8,witness_ms,1 2 3 4 5 6 7 8 9 10,1a1 2a1 3a1 4a1 5a1 6a1 7a1 8a1 9a1 10a1,10,13.751999999999999,13.48475,14.00475,0.5199999999999996,12.65,14.423
campaign-20260925T060607Z,cpu8,groth16,8,prove_ms,1 2 3 4 5 6 7 8 9 10,1a1 2a1 3a1 4a1 5a1 6a1 7a1 8a1 9a1 10a1,10,142.1515,141.42375,144.215,2.791249999999991,138.392,145.044
campaign-20260925T060607Z,cpu8,groth16,8,verify_first_ms,1 2 3 4 5 6 7 8 9 10,1a1 2a1 3a1 4a1 5a1 6a1 7a1 8a1 9a1 10a1,10,6.092499999999999,6.04175,6.61525,0.5734999999999992,5.856,12.309
campaign-20260925T060607Z,cpu8,groth16,8,verify_steady_ms,1 2 3 4 5 6 7 8 9 10,1a1 2a1 3a1 4a1 5a1 6a1 7a1 8a1 9a1 10a1,10,6.1545000000000005,6.0329999999999995,6.23675,0.20375000000000032,5.905,6.583
campaign-20260925T060607Z,cpu8,groth16,8,stage_sum_ms,1 2 3 4 5 6 7 8 9 10,1a1 2a1 3a1 4a1 5a1 6a1 7a1 8a1 9a1 10a1,10,165.76999999999998,161.75375,166.3545,4.600750000000005,159.264,169.946
campaign-20260925T060607Z,cpu8,groth16,8,wall_ms,1 2 3 4 5 6 7 8 9 10,1a1 2a1 3a1 4a1 5a1 6a1 7a1 8a1 9a1 10a1,10,165.78750000000002,161.76975,166.37125,4.601500000000016,159.28,169.963
campaign-20260925T060607Z,cpu8,groth16,9,input_ms,1 2 3 4 5 6 7 8 9 10,1a1 2a1 3a1 4a1 5a1 6a1 7a1 8a1 9a1 10a1,10,1.9705,1.87025,2.19425,0.32399999999999984,1.685,2.459
campaign-20260925T060607Z,cpu8,groth16,9,witness_ms,1 2 3 4 5 6 7 8 9 10,1a1 2a1 3a1 4a1 5a1 6a1 7a1 8a1 9a1 10a1,10,14.056000000000001,13.971,14.2915,0.3204999999999991,12.476,14.678
campaign-20260925T060607Z,cpu8,groth16,9,prove_ms,1 2 3 4 5 6 7 8 9 10,1a1 2a1 3a1 4a1 5a1 6a1 7a1 8a1 9a1 10a1,10,148.50799999999998,147.074,151.3965,4.322499999999991,146.274,152.804
campaign-20260925T060607Z,cpu8,groth16,9,verify_first_ms,1 2 3 4 5 6 7 8 9 10,1a1 2a1 3a1 4a1 5a1 6a1 7a1 8a1 9a1 10a1,10,5.971500000000001,5.859,6.0615000000000006,0.20250000000000057,5.827,6.36
campaign-20260925T060607Z,cpu8,groth16,9,verify_steady_ms,1 2 3 4 5 6 7 8 9 10,1a1 2a1 3a1 4a1 5a1 6a1 7a1 8a1 9a1 10a1,10,6.0235,5.8805,6.1565,0.2760000000000007,5.687,6.53
campaign-20260925T060607Z,cpu8,groth16,9,stage_sum_ms,1 2 3 4 5 6 7 8 9 10,1a1 2a1 3a1 4a1 5a1 6a1 7a1 8a1 9a1 10a1,10,170.6945,168.89249999999998,173.2575,4.365000000000009,167.815,174.894
campaign-20260925T060607Z,cpu8,groth16,9,wall_ms,1 2 3 4 5 6 7 8 9 10,1a1 2a1 3a1 4a1 5a1 6a1 7a1 8a1 9a1 10a1,10,170.7115,168.9105,173.27375,4.363249999999994,167.83,174.919
campaign-20260925T060607Z,cpu8,plonk,10,input_ms,1 2 3 4 5,1a1 2a1 3a1 4a1 5a1,5,2.935,2.718,3.376,0.6579999999999999,2.619,3.428
campaign-20260925T060607Z,cpu8,plonk,10,witness_ms,1 2 3 4 5,1a1 2a1 3a1 4a1 5a1,5,13.725,13.711,14.453,0.7419999999999991,13.099,15.371
campaign-20260925T060607Z,cpu8,plonk,10,prove_ms,1 2 3 4 5,1a1 2a1 3a1 4a1 5a1,5,9668.27,9482.459,9748.811,266.35199999999895,9471.368,9768.019
campaign-20260925T060607Z,cpu8,plonk,10,verify_first_ms,1 2 3 4 5,1a1 2a1 3a1 4a1 5a1,5,7.665,7.644,7.666,0.02200000000000024,7.59,7.919
campaign-20260925T060607Z,cpu8,plonk,10,verify_steady_ms,1 2 3 4 5,1a1 2a1 3a1 4a1 5a1,5,7.243,7.19,7.25,0.05999999999999961,7.155,7.283
campaign-20260925T060607Z,cpu8,plonk,10,stage_sum_ms,1 2 3 4 5,1a1 2a1 3a1 4a1 5a1,5,9693.075,9507.491,9772.196,264.7049999999999,9496.059,9794.026
campaign-20260925T060607Z,cpu8,plonk,10,wall_ms,1 2 3 4 5,1a1 2a1 3a1 4a1 5a1,5,9693.095,9507.51,9772.213,264.7029999999995,9496.075,9794.044
campaign-20260925T060607Z,cpu8,plonk,11,input_ms,1 2 3 4 5,1a1 2a1 3a1 4a1 5a1,5,5.75,5.645,6.649,1.0040000000000004,5.639,6.977
campaign-20260925T060607Z,cpu8,plonk,11,witness_ms,1 2 3 4 5,1a1 2a1 3a1 4a1 5a1,5,14.217,14.16,14.792,0.6319999999999997,13.852,15.235
campaign-20260925T060607Z,cpu8,plonk,11,prove_ms,1 2 3 4 5,1a1 2a1 3a1 4a1 5a1,5,19021.382,18815.917,19027.235,211.3179999999993,18540.399,19145.941
campaign-20260925T060607Z,cpu8,plonk,11,verify_first_ms,1 2 3 4 5,1a1 2a1 3a1 4a1 5a1,5,7.84,7.743,7.884,0.14100000000000001,7.706,9.673
campaign-20260925T060607Z,cpu8,plonk,11,verify_steady_ms,1 2 3 4 5,1a1 2a1 3a1 4a1 5a1,5,7.396,7.346,7.413,0.06700000000000017,7.29,7.467
campaign-20260925T060607Z,cpu8,plonk,11,stage_sum_ms,1 2 3 4 5,1a1 2a1 3a1 4a1 5a1,5,19050.656,18844.194,19054.919,210.72500000000218,18569.989,19174.877
campaign-20260925T060607Z,cpu8,plonk,11,wall_ms,1 2 3 4 5,1a1 2a1 3a1 4a1 5a1,5,19050.677,18844.215,19054.937,210.72200000000157,18570.014,19174.897
campaign-20260925T060607Z,cpu8,plonk,12,input_ms,1 2 3 4 5,1a1 2a1 3a1 4a1 5a1,5,15.067,10.923,17.186,6.263,8.832,17.189
campaign-20260925T060607Z,cpu8,plonk,12,witness_ms,1 2 3 4 5,1a1 2a1 3a1 4a1 5a1,5,14.687,14.502,16.509,2.0069999999999997,14.359,31.875
campaign-20260925T060607Z,cpu8,plonk,12,prove_ms,1 2 3 4 5,1a1 2a1 3a1 4a1 5a1,5,18787.839,18606.329,18924.916,318.58699999999953,18584.003,19061.914
campaign-20260925T060607Z,cpu8,plonk,12,verify_first_ms,1 2 3 4 5,1a1 2a1 3a1 4a1 5a1,5,7.692,7.655,7.849,0.19399999999999995,7.601,7.878
campaign-20260925T060607Z,cpu8,plonk,12,verify_steady_ms,1 2 3 4 5,1a1 2a1 3a1 4a1 5a1,5,7.235,7.195,7.329,0.13399999999999945,7.19,7.342
campaign-20260925T060607Z,cpu8,plonk,12,stage_sum_ms,1 2 3 4 5,1a1 2a1 3a1 4a1 5a1,5,18827.314,18663.047,18955.942,292.89500000000044,18617.162,19101.339
campaign-20260925T060607Z,cpu8,plonk,12,wall_ms,1 2 3 4 5,1a1 2a1 3a1 4a1 5a1,5,18827.339,18663.07,18955.962,292.8919999999998,18617.184,19101.366
campaign-20260925T060607Z,cpu8,plonk,13,input_ms,1 2 3 4 5,1a1 2a1 3a1 4a1 5a1,5,23.167,22.268,23.297,1.029,21.94,23.978
campaign-20260925T060607Z,cpu8,plonk,13,witness_ms,1 2 3 4 5,1a1 2a1 3a1 4a1 5a1,5,17.911,17.3,18.31,1.009999999999998,17.037,20.78
campaign-20260925T060607Z,cpu8,plonk,13,prove_ms,1 2 3 4 5,1a1 2a1 3a1 4a1 5a1,5,18692.25,18599.263,18795.585,196.32200000000012,18508.534,18796.125
campaign-20260925T060607Z,cpu8,plonk,13,verify_first_ms,1 2 3 4 5,1a1 2a1 3a1 4a1 5a1,5,7.694,7.621,7.759,0.1379999999999999,7.59,7.98
campaign-20260925T060607Z,cpu8,plonk,13,verify_steady_ms,1 2 3 4 5,1a1 2a1 3a1 4a1 5a1,5,7.278,7.242,7.367,0.125,7.233,7.547
campaign-20260925T060607Z,cpu8,plonk,13,stage_sum_ms,1 2 3 4 5,1a1 2a1 3a1 4a1 5a1,5,18739.407,18645.861,18845.426,199.5649999999987,18558.402,18847.29
campaign-20260925T060607Z,cpu8,plonk,13,wall_ms,1 2 3 4 5,1a1 2a1 3a1 4a1 5a1,5,18739.433,18645.887,18845.45,199.56300000000192,18558.427,18847.317
campaign-20260925T060607Z,cpu8,plonk,14,input_ms,1 2 3 4 5,1a1 2a1 3a1 4a1 5a1,5,45.013,44.191,47.441,3.25,41.967,55.709
campaign-20260925T060607Z,cpu8,plonk,14,witness_ms,1 2 3 4 5,1a1 2a1 3a1 4a1 5a1,5,17.096,16.908,17.489,0.5809999999999995,16.621,18.277
campaign-20260925T060607Z,cpu8,plonk,14,prove_ms,1 2 3 4 5,1a1 2a1 3a1 4a1 5a1,5,18736.518,18591.235,19247.897,656.6620000000003,18570.853,19306.235
campaign-20260925T060607Z,cpu8,plonk,14,verify_first_ms,1 2 3 4 5,1a1 2a1 3a1 4a1 5a1,5,7.628,7.616,7.631,0.015000000000000568,7.61,8.234
campaign-20260925T060607Z,cpu8,plonk,14,verify_steady_ms,1 2 3 4 5,1a1 2a1 3a1 4a1 5a1,5,7.383,7.377,7.384,0.007000000000000561,7.233,7.482
campaign-20260925T060607Z,cpu8,plonk,14,stage_sum_ms,1 2 3 4 5,1a1 2a1 3a1 4a1 5a1,5,18808.683,18660.531,19314.718,654.1870000000017,18640.384,19387.853
campaign-20260925T060607Z,cpu8,plonk,14,wall_ms,1 2 3 4 5,1a1 2a1 3a1 4a1 5a1,5,18808.708,18660.556,19314.745,654.1889999999985,18640.409,19387.883
campaign-20260925T060607Z,cpu8,plonk,15,input_ms,1 2 3 4 5,1a1 2a1 3a1 4a1 5a1,5,116.38,100.993,116.768,15.775000000000006,98.982,117.865
campaign-20260925T060607Z,cpu8,plonk,15,witness_ms,1 2 3 4 5,1a1 2a1 3a1 4a1 5a1,5,20.152,19.623,24.945,5.321999999999999,18.827,24.971
campaign-20260925T060607Z,cpu8,plonk,15,prove_ms,1 2 3 4 5,1a1 2a1 3a1 4a1 5a1,5,18924.527,18488.716,18990.498,501.78199999999924,18463.128,19218.305
campaign-20260925T060607Z,cpu8,plonk,15,verify_first_ms,1 2 3 4 5,1a1 2a1 3a1 4a1 5a1,5,7.633,7.565,7.737,0.1719999999999997,7.553,7.769
campaign-20260925T060607Z,cpu8,plonk,15,verify_steady_ms,1 2 3 4 5,1a1 2a1 3a1 4a1 5a1,5,7.336,7.257,7.36,0.10300000000000065,7.23,7.373
campaign-20260925T060607Z,cpu8,plonk,15,stage_sum_ms,1 2 3 4 5,1a1 2a1 3a1 4a1 5a1,5,19068.828,18620.406,19135.54,515.1340000000018,18596.631,19361.533
campaign-20260925T060607Z,cpu8,plonk,15,wall_ms,1 2 3 4 5,1a1 2a1 3a1 4a1 5a1,5,19068.857,18620.431,19135.566,515.1349999999984,18596.658,19361.557
campaign-20260925T060607Z,cpu8,plonk,5,input_ms,1 2 3 4 5,1a1 2a1 3a1 4a1 5a1,5,0.772,0.663,0.78,0.11699999999999999,0.639,0.908
campaign-20260925T060607Z,cpu8,plonk,5,witness_ms,1 2 3 4 5,1a1 2a1 3a1 4a1 5a1,5,12.352,11.752,12.432,0.6799999999999997,11.72,13.154
campaign-20260925T060607Z,cpu8,plonk,5,prove_ms,1 2 3 4 5,1a1 2a1 3a1 4a1 5a1,5,9537.429,9473.726,9593.857,120.1309999999994,9455.586,9776.067
campaign-20260925T060607Z,cpu8,plonk,5,verify_first_ms,1 2 3 4 5,1a1 2a1 3a1 4a1 5a1,5,7.823,7.804,7.947,0.1429999999999998,7.787,10.471
campaign-20260925T060607Z,cpu8,plonk,5,verify_steady_ms,1 2 3 4 5,1a1 2a1 3a1 4a1 5a1,5,7.297,7.283,7.316,0.032999999999999474,7.176,7.322
campaign-20260925T060607Z,cpu8,plonk,5,stage_sum_ms,1 2 3 4 5,1a1 2a1 3a1 4a1 5a1,5,9560.432,9495.61,9614.865,119.2549999999992,9475.732,9797.03
campaign-20260925T060607Z,cpu8,plonk,5,wall_ms,1 2 3 4 5,1a1 2a1 3a1 4a1 5a1,5,9560.451,9495.631,9614.885,119.25400000000081,9475.752,9797.047
campaign-20260925T060607Z,cpu8,plonk,6,input_ms,1 2 3 4 5,1a1 2a1 3a1 4a1 5a1,5,0.837,0.821,0.883,0.062000000000000055,0.819,0.927
campaign-20260925T060607Z,cpu8,plonk,6,witness_ms,1 2 3 4 5,1a1 2a1 3a1 4a1 5a1,5,12.952,12.906,13.232,0.32599999999999874,12.65,13.641
campaign-20260925T060607Z,cpu8,plonk,6,prove_ms,1 2 3 4 5,1a1 2a1 3a1 4a1 5a1,5,9602.147,9510.247,9741.263,231.01600000000144,9437.929,9749.309
campaign-20260925T060607Z,cpu8,plonk,6,verify_first_ms,1 2 3 4 5,1a1 2a1 3a1 4a1 5a1,5,7.67,7.668,7.711,0.04300000000000015,7.609,7.882
campaign-20260925T060607Z,cpu8,plonk,6,verify_steady_ms,1 2 3 4 5,1a1 2a1 3a1 4a1 5a1,5,7.317,7.261,7.432,0.17100000000000026,7.238,7.459
campaign-20260925T060607Z,cpu8,plonk,6,stage_sum_ms,1 2 3 4 5,1a1 2a1 3a1 4a1 5a1,5,9623.544,9532.244,9762.746,230.5019999999986,9459.115,9771.455
campaign-20260925T060607Z,cpu8,plonk,6,wall_ms,1 2 3 4 5,1a1 2a1 3a1 4a1 5a1,5,9623.559,9532.259,9762.76,230.5010000000002,9459.132,9771.471
campaign-20260925T060607Z,cpu8,plonk,7,input_ms,1 2 3 4 5,1a1 2a1 3a1 4a1 5a1,5,0.928,0.857,0.933,0.07600000000000007,0.842,0.991
campaign-20260925T060607Z,cpu8,plonk,7,witness_ms,1 2 3 4 5,1a1 2a1 3a1 4a1 5a1,5,13.085,12.927,13.239,0.31200000000000117,12.912,13.893
campaign-20260925T060607Z,cpu8,plonk,7,prove_ms,1 2 3 4 5,1a1 2a1 3a1 4a1 5a1,5,9621.122,9519.283,9650.937,131.65400000000045,9459.999,9748.596
campaign-20260925T060607Z,cpu8,plonk,7,verify_first_ms,1 2 3 4 5,1a1 2a1 3a1 4a1 5a1,5,7.684,7.651,7.707,0.05600000000000005,7.596,7.863
campaign-20260925T060607Z,cpu8,plonk,7,verify_steady_ms,1 2 3 4 5,1a1 2a1 3a1 4a1 5a1,5,7.256,7.219,7.278,0.058999999999999275,7.187,7.329
campaign-20260925T060607Z,cpu8,plonk,7,stage_sum_ms,1 2 3 4 5,1a1 2a1 3a1 4a1 5a1,5,9642.578,9541.669,9672.72,131.05099999999948,9481.702,9770.377
campaign-20260925T060607Z,cpu8,plonk,7,wall_ms,1 2 3 4 5,1a1 2a1 3a1 4a1 5a1,5,9642.593,9541.682,9672.738,131.05599999999868,9481.716,9770.393
campaign-20260925T060607Z,cpu8,plonk,8,input_ms,1 2 3 4 5,1a1 2a1 3a1 4a1 5a1,5,1.17,1.15,1.242,0.09200000000000008,0.94,2.701
campaign-20260925T060607Z,cpu8,plonk,8,witness_ms,1 2 3 4 5,1a1 2a1 3a1 4a1 5a1,5,13.571,13.011,13.861,0.8500000000000014,12.509,14.061
campaign-20260925T060607Z,cpu8,plonk,8,prove_ms,1 2 3 4 5,1a1 2a1 3a1 4a1 5a1,5,9569.4,9470.952,9624.805,153.85300000000097,9453.361,9702.806
campaign-20260925T060607Z,cpu8,plonk,8,verify_first_ms,1 2 3 4 5,1a1 2a1 3a1 4a1 5a1,5,7.713,7.671,7.727,0.05600000000000005,7.611,8.005
campaign-20260925T060607Z,cpu8,plonk,8,verify_steady_ms,1 2 3 4 5,1a1 2a1 3a1 4a1 5a1,5,7.287,7.224,7.312,0.08800000000000008,7.201,7.324
campaign-20260925T060607Z,cpu8,plonk,8,stage_sum_ms,1 2 3 4 5,1a1 2a1 3a1 4a1 5a1,5,9590.519,9493.782,9649.572,155.79000000000087,9475.714,9724.68
campaign-20260925T060607Z,cpu8,plonk,8,wall_ms,1 2 3 4 5,1a1 2a1 3a1 4a1 5a1,5,9590.536,9493.8,9649.59,155.79000000000087,9475.73,9724.698
campaign-20260925T060607Z,cpu8,plonk,9,input_ms,1 2 3 4 5,1a1 2a1 3a1 4a1 5a1,5,1.755,1.711,1.889,0.17799999999999994,1.603,2.062
campaign-20260925T060607Z,cpu8,plonk,9,witness_ms,1 2 3 4 5,1a1 2a1 3a1 4a1 5a1,5,13.852,13.718,14.299,0.5809999999999995,13.543,15.031
campaign-20260925T060607Z,cpu8,plonk,9,prove_ms,1 2 3 4 5,1a1 2a1 3a1 4a1 5a1,5,9618.068,9590.379,9686.901,96.52199999999903,9532.95,9790.25
campaign-20260925T060607Z,cpu8,plonk,9,verify_first_ms,1 2 3 4 5,1a1 2a1 3a1 4a1 5a1,5,7.752,7.608,7.866,0.258,7.581,7.899
campaign-20260925T060607Z,cpu8,plonk,9,verify_steady_ms,1 2 3 4 5,1a1 2a1 3a1 4a1 5a1,5,7.287,7.175,7.385,0.20999999999999996,7.13,7.605
campaign-20260925T060607Z,cpu8,plonk,9,stage_sum_ms,1 2 3 4 5,1a1 2a1 3a1 4a1 5a1,5,9641.254,9613.902,9709.78,95.87800000000061,9557.591,9814.19
campaign-20260925T060607Z,cpu8,plonk,9,wall_ms,1 2 3 4 5,1a1 2a1 3a1 4a1 5a1,5,9641.269,9613.919,9709.796,95.87700000000041,9557.612,9814.207
