env,metric,k,ratio_plonk_over_g16,ratio_lo,ratio_hi,predicted_sign
evm-osaka,dir,1,1.35836,1.33631,1.38051,PLONK_COSTLIER
evm-osaka,dir,2,1.3201,1.2987,1.34159,PLONK_COSTLIER
evm-osaka,dir,4,1.25048,1.23027,1.27077,PLONK_COSTLIER
evm-osaka,dir,6,1.18885,1.16969,1.20808,PLONK_COSTLIER
evm-osaka,dir,8,1.13393,1.11571,1.15221,PLONK_COSTLIER
evm-osaka,dir,12,1.0402,1.02358,1.05688,PLONK_COSTLIER
evm-osaka,dir,16,0.96314,0.94784,0.9785,PLONK_CHEAPER
evm-osaka,dir,24,0.84398,0.83071,0.8573,PLONK_CHEAPER
evm-osaka,dir,32,0.75617,0.7444,0.76799,PLONK_CHEAPER
evm-osaka,dir,64,0.55605,0.54768,0.56445,PLONK_CHEAPER
evm-osaka,app,1,1.34177,1.31878,1.36487,PLONK_COSTLIER
evm-osaka,app,2,1.3055,1.28316,1.32794,PLONK_COSTLIER
evm-osaka,app,4,1.23924,1.2181,1.26048,PLONK_COSTLIER
evm-osaka,app,6,1.18034,1.16026,1.2005,PLONK_COSTLIER
evm-osaka,app,8,1.12763,1.10851,1.14685,PLONK_COSTLIER
evm-osaka,app,12,1.03723,1.01973,1.0548,PLONK_COSTLIER
evm-osaka,app,16,0.96246,0.94631,0.97868,PLONK_CHEAPER
evm-osaka,app,24,0.84605,0.832,0.86017,PLONK_CHEAPER
evm-osaka,app,32,0.75965,0.74716,0.77221,PLONK_CHEAPER
evm-osaka,app,64,0.56077,0.55184,0.56973,PLONK_CHEAPER
eravm-29,dir,1,1.00404,0.98322,1.02488,INDETERMINATE
eravm-29,dir,2,0.99397,0.97336,1.0146,INDETERMINATE
eravm-29,dir,4,0.9748,0.95459,0.99504,PLONK_CHEAPER
eravm-29,dir,6,0.95667,0.93683,0.97653,PLONK_CHEAPER
eravm-29,dir,8,0.93964,0.92016,0.95914,PLONK_CHEAPER
eravm-29,dir,12,0.90822,0.88939,0.92707,PLONK_CHEAPER
eravm-29,dir,16,0.87991,0.86167,0.89818,PLONK_CHEAPER
eravm-29,dir,24,0.83124,0.81401,0.8485,PLONK_CHEAPER
eravm-29,dir,32,0.79077,0.77438,0.80719,PLONK_CHEAPER
eravm-29,dir,64,0.67987,0.66578,0.69399,PLONK_CHEAPER
eravm-29,app,1,1.00494,0.98395,1.02595,INDETERMINATE
eravm-29,app,2,0.99503,0.97424,1.01583,INDETERMINATE
eravm-29,app,4,0.97616,0.95576,0.99656,PLONK_CHEAPER
eravm-29,app,6,0.95829,0.93827,0.97832,PLONK_CHEAPER
eravm-29,app,8,0.9415,0.92183,0.96118,PLONK_CHEAPER
eravm-29,app,12,0.91051,0.89148,0.92954,PLONK_CHEAPER
eravm-29,app,16,0.88255,0.86411,0.901,PLONK_CHEAPER
eravm-29,app,24,0.83443,0.817,0.85188,PLONK_CHEAPER
eravm-29,app,32,0.79436,0.77777,0.81097,PLONK_CHEAPER
eravm-29,app,64,0.68431,0.67001,0.69861,PLONK_CHEAPER
eravm-27,dir,1,1.20842,1.19243,1.22469,PLONK_COSTLIER
eravm-27,dir,4,1.09328,1.0788,1.10799,PLONK_COSTLIER
eravm-27,dir,6,1.02804,1.01443,1.04188,PLONK_COSTLIER
eravm-27,dir,8,0.97021,0.95737,0.98327,PLONK_CHEAPER
eravm-27,dir,16,0.79232,0.78183,0.80299,PLONK_CHEAPER
evm-petersburg,dir,1,2.21979,2.21645,2.22313,PLONK_COSTLIER
evm-petersburg,dir,4,1.77037,1.76772,1.77302,PLONK_COSTLIER
evm-petersburg,dir,16,0.99461,0.99314,0.99607,PLONK_CHEAPER
zkos-v32,native,1,1.05961,1.05051,1.06872,PLONK_COSTLIER
zkos-v32,native,2,1.03514,1.02624,1.04404,PLONK_COSTLIER
zkos-v32,native,4,0.98963,0.98113,0.99814,PLONK_CHEAPER
zkos-v32,native,6,0.94801,0.93986,0.95616,PLONK_CHEAPER
zkos-v32,native,8,0.90995,0.90213,0.91777,PLONK_CHEAPER
zkos-v32,native,12,0.84256,0.83532,0.8498,PLONK_CHEAPER
zkos-v32,native,16,0.78474,0.778,0.79149,PLONK_CHEAPER
zkos-v32,native,24,0.69098,0.68504,0.69692,PLONK_CHEAPER
zkos-v32,native,32,0.61809,0.61278,0.62341,PLONK_CHEAPER
zkos-v32,native,64,0.43885,0.43507,0.44262,PLONK_CHEAPER
zkos-v32@npg100,dir,1,1.05961,1.05051,1.06872,PLONK_COSTLIER
zkos-v32@npg100,dir,2,1.03514,1.02624,1.04404,PLONK_COSTLIER
zkos-v32@npg100,dir,4,0.98963,0.98113,0.99814,PLONK_CHEAPER
zkos-v32@npg100,dir,6,0.94801,0.93986,0.95616,PLONK_CHEAPER
zkos-v32@npg100,dir,8,0.90995,0.90213,0.91777,PLONK_CHEAPER
zkos-v32@npg100,dir,12,0.84256,0.83532,0.8498,PLONK_CHEAPER
zkos-v32@npg100,dir,16,0.78474,0.778,0.79149,PLONK_CHEAPER
zkos-v32@npg100,dir,24,0.69098,0.68504,0.69692,PLONK_CHEAPER
zkos-v32@npg100,dir,32,0.61809,0.61278,0.62341,PLONK_CHEAPER
zkos-v32@npg100,dir,64,0.43885,0.43507,0.44262,PLONK_CHEAPER
