k,npg,purpose
1,100,away (below both switches)
1,126,around a predicted switch
1,139,around a predicted switch
1,151,between the two switches
1,169,around a predicted switch
1,171,around a predicted switch
1,300,away (above both switches)
4,100,away (below both switches)
4,125,around a predicted switch
4,138,around a predicted switch
4,149,between the two switches
4,165,around a predicted switch
4,167,around a predicted switch
4,300,away (above both switches)
16,100,away (below both switches)
16,120,around a predicted switch
16,132,around a predicted switch
16,141,between the two switches
16,154,around a predicted switch
16,156,around a predicted switch
16,300,away (above both switches)
