backend,k,native_pred,evm_gas_pred,npg_switch,npg_switch_lo,npg_switch_hi
groth16,1,36506865,214590,170.12,169.72,170.53
groth16,2,37400509,221762,168.65,168.26,169.05
groth16,4,39187796,236104,165.98,165.59,166.37
groth16,6,40975083,250466,163.6,163.21,163.98
groth16,8,42762370,264807,161.49,161.11,161.86
groth16,12,46336944,293498,157.88,157.51,158.25
groth16,16,49911518,322195,154.91,154.55,155.27
groth16,24,57060666,379576,150.33,149.98,150.68
groth16,32,64209814,436971,146.94,146.6,147.28
plonk,1,38683079,291490,132.71,129.76,135.74
plonk,2,38714617,292748,132.25,129.31,135.26
plonk,4,38781539,295242,131.35,128.45,134.34
plonk,6,38844615,297765,130.45,127.57,133.42
plonk,8,38911537,300272,129.59,126.73,132.53
plonk,12,39041535,305296,127.88,125.07,130.77
plonk,16,39167687,310318,126.22,123.46,129.06
plonk,24,39427683,320352,123.08,120.4,125.83
plonk,32,39687679,330424,120.11,117.52,122.78
