symbol,meaning,environment,depends_on_backend,depends_on_k,source_type,source,calibration_cells,fitted,used_for_held_out,value_P,uncertainty,notes
"n_ecMul(b,k)",ecMul precompile calls per verification,all,yes,G16 only,analytic (template),snarkjs 0.7.5 verifier templates (hashes in PINS-C1),-,no,yes,G16: k; PLONK: 18; FFLONK: 5,exact; checked by L1-STRUCT,
"n_ecAdd(b,k)",ecAdd precompile calls,all,yes,G16 only,analytic (template),same,-,no,yes,G16: k; PLONK: 18; FFLONK: 7,exact; checked,
n_pair(b),pairing pairs (one call),all,yes,no,analytic (template),same,-,no,yes,G16: 4; PLONK: 2; FFLONK: 2,exact; checked,
rho_b(k),keccak-f rounds of the verifier transcript,all,yes,"yes (PLONK, FFLONK)",analytic (template),PLONK ceil((32(22+k)+1)/136)+7; FFLONK ceil((32(4+k)+1)/136)+7; G16 0,-,no,yes,see formula,exact; checked against every P0 trace and by AC-STRUCT-EVM-transcript-rounds,
ncalls_b(k),precompile calls per verification,zkos,yes,G16 only,analytic (template),G16 2k+1; PLONK 37; FFLONK 13,-,no,yes,see formula,exact,
"cd(b,k,j)",calldata bytes / zero bytes of each registered transaction,EVM-type,yes,yes,analytic (frozen corpus),corpus/corpus-calldata.json,-,no,yes,per proof,exact,
G_tx,intrinsic transaction gas,evm-osaka / evm-petersburg,no,no,spec,Yellow Paper,-,no,yes (Level 1 + decomposition),21000,exact,
G_cd,calldata gas per non-zero / zero byte,evm-osaka / evm-petersburg,no,no,spec,EIP-2028,-,no,yes (Level 1 + decomposition),Osaka 16 / 4; Petersburg 68 / 4,exact,
G_ecAdd,ecAdd precompile gas,evm-osaka / evm-petersburg,no,no,spec,EIP-1108 / EIP-196,-,no,yes (Level 1 + decomposition),Osaka 150; Petersburg 500,exact,
G_ecMul,ecMul precompile gas,evm-osaka / evm-petersburg,no,no,spec,EIP-1108 / EIP-196,-,no,yes (Level 1 + decomposition),Osaka 6000; Petersburg 40000,exact,
G_pair,pairing gas,evm-osaka / evm-petersburg,no,no,spec,EIP-1108 / EIP-197,-,no,yes (Level 1 + decomposition),Osaka 45000 + 34000/pair; Petersburg 100000 + 80000/pair,exact,
G_keccak,keccak gas,evm-osaka / evm-petersburg,no,no,spec,Yellow Paper,-,no,yes (Level 1 + decomposition),30 + 6/word,exact,
"A[evm-osaka,groth16,dir]",cost at k=1,evm-osaka,yes,no,P0-calibrated,P0 cell means at k=1 (V1 relation) and k=4 (context tags),P0 k=1 and k=4 cells (P); registered k=1 and k=4 cells (R),yes,yes,209937.0,tau=0.002008 (rel.),
"B[evm-osaka,groth16,dir]",per-input increment,evm-osaka,yes,no (slope),P0-calibrated,P0 cell means at k=1 (V1 relation) and k=4 (context tags),P0 k=1 and k=4 cells (P); registered k=1 and k=4 cells (R),yes,yes,6675.0,"tau=0.002008 (rel., on Y)",
"A[evm-osaka,groth16,app]",cost at k=1,evm-osaka,yes,no,P0-calibrated,P0 cell means at k=1 (V1 relation) and k=4 (context tags),P0 k=1 and k=4 cells (P); registered k=1 and k=4 cells (R),yes,yes,219298.0,tau=0.002400 (rel.),
"B[evm-osaka,groth16,app]",per-input increment,evm-osaka,yes,no (slope),P0-calibrated,P0 cell means at k=1 (V1 relation) and k=4 (context tags),P0 k=1 and k=4 cells (P); registered k=1 and k=4 cells (R),yes,yes,6685.67,"tau=0.002400 (rel., on Y)",
"A[evm-osaka,plonk,dir]",cost at k=1,evm-osaka,yes,no,P0-calibrated,P0 cell means at k=1 (V1 relation) and k=4 (context tags),P0 k=1 and k=4 cells (P); registered k=1 and k=4 cells (R),yes,yes,278664.0,tau=0.014963 (rel.),
"B[evm-osaka,plonk,dir]",per-input increment,evm-osaka,yes,no (slope),P0-calibrated,P0 cell means at k=1 (V1 relation) and k=4 (context tags),P0 k=1 and k=4 cells (P); registered k=1 and k=4 cells (R),yes,yes,757.67,"tau=0.014963 (rel., on Y)",
"A[evm-osaka,plonk,app]",cost at k=1,evm-osaka,yes,no,P0-calibrated,P0 cell means at k=1 (V1 relation) and k=4 (context tags),P0 k=1 and k=4 cells (P); registered k=1 and k=4 cells (R),yes,yes,287663.0,tau=0.015487 (rel.),
"B[evm-osaka,plonk,app]",per-input increment,evm-osaka,yes,no (slope),P0-calibrated,P0 cell means at k=1 (V1 relation) and k=4 (context tags),P0 k=1 and k=4 cells (P); registered k=1 and k=4 cells (R),yes,yes,754.0,"tau=0.015487 (rel., on Y)",
"A[evm-petersburg,groth16,dir]",cost at k=1,evm-petersburg,yes,no,P0-calibrated,P0 cell means at k=1 (V1 relation) and k=4 (context tags),P0 k=1 and k=4 cells (P); registered k=1 and k=4 cells (R),yes,yes,485087.0,tau=0.000362 (rel.),
"B[evm-petersburg,groth16,dir]",per-input increment,evm-petersburg,yes,no (slope),P0-calibrated,P0 cell means at k=1 (V1 relation) and k=4 (context tags),P0 k=1 and k=4 cells (P); registered k=1 and k=4 cells (R),yes,yes,42225.0,"tau=0.000362 (rel., on Y)",
"A[evm-petersburg,groth16,app]",cost at k=1,evm-petersburg,yes,no,P0-calibrated,P0 cell means at k=1 (V1 relation) and k=4 (context tags),P0 k=1 and k=4 cells (P); registered k=1 and k=4 cells (R),yes,yes,488748.0,tau=0.000530 (rel.),
"B[evm-petersburg,groth16,app]",per-input increment,evm-petersburg,yes,no (slope),P0-calibrated,P0 cell means at k=1 (V1 relation) and k=4 (context tags),P0 k=1 and k=4 cells (P); registered k=1 and k=4 cells (R),yes,yes,42235.67,"tau=0.000530 (rel., on Y)",
"A[evm-petersburg,plonk,dir]",cost at k=1,evm-petersburg,yes,no,P0-calibrated,P0 cell means at k=1 (V1 relation) and k=4 (context tags),P0 k=1 and k=4 cells (P); registered k=1 and k=4 cells (R),yes,yes,1066164.0,tau=0.001214 (rel.),
"B[evm-petersburg,plonk,dir]",per-input increment,evm-petersburg,yes,no (slope),P0-calibrated,P0 cell means at k=1 (V1 relation) and k=4 (context tags),P0 k=1 and k=4 cells (P); registered k=1 and k=4 cells (R),yes,yes,757.67,"tau=0.001214 (rel., on Y)",
"A[evm-petersburg,plonk,app]",cost at k=1,evm-petersburg,yes,no,P0-calibrated,P0 cell means at k=1 (V1 relation) and k=4 (context tags),P0 k=1 and k=4 cells (P); registered k=1 and k=4 cells (R),yes,yes,1069463.0,tau=0.001359 (rel.),
"B[evm-petersburg,plonk,app]",per-input increment,evm-petersburg,yes,no (slope),P0-calibrated,P0 cell means at k=1 (V1 relation) and k=4 (context tags),P0 k=1 and k=4 cells (P); registered k=1 and k=4 cells (R),yes,yes,754.0,"tau=0.001359 (rel., on Y)",
"A[eravm-29,groth16,dir]",cost at k=1,eravm-29,yes,no,P0-calibrated,P0 cell means at k=1 (V1 relation) and k=4 (context tags),P0 k=1 and k=4 cells (P); registered k=1 and k=4 cells (R),yes,yes,444263.0,tau=0.000622 (rel.),
"B[eravm-29,groth16,dir]",per-input increment,eravm-29,yes,no (slope),P0-calibrated,P0 cell means at k=1 (V1 relation) and k=4 (context tags),P0 k=1 and k=4 cells (P); registered k=1 and k=4 cells (R),yes,yes,6942.67,"tau=0.000622 (rel., on Y)",
"A[eravm-29,groth16,app]",cost at k=1,eravm-29,yes,no,P0-calibrated,P0 cell means at k=1 (V1 relation) and k=4 (context tags),P0 k=1 and k=4 cells (P); registered k=1 and k=4 cells (R),yes,yes,451276.0,tau=0.000327 (rel.),
"B[eravm-29,groth16,app]",per-input increment,eravm-29,yes,no (slope),P0-calibrated,P0 cell means at k=1 (V1 relation) and k=4 (context tags),P0 k=1 and k=4 cells (P); registered k=1 and k=4 cells (R),yes,yes,6980.67,"tau=0.000327 (rel., on Y)",
"A[eravm-29,plonk,dir]",cost at k=1,eravm-29,yes,no,P0-calibrated,P0 cell means at k=1 (V1 relation) and k=4 (context tags),P0 k=1 and k=4 cells (P); registered k=1 and k=4 cells (R),yes,yes,446058.0,tau=0.020123 (rel.),
"B[eravm-29,plonk,dir]",per-input increment,eravm-29,yes,no (slope),P0-calibrated,P0 cell means at k=1 (V1 relation) and k=4 (context tags),P0 k=1 and k=4 cells (P); registered k=1 and k=4 cells (R),yes,yes,2424.67,"tau=0.020123 (rel., on Y)",
"A[eravm-29,plonk,app]",cost at k=1,eravm-29,yes,no,P0-calibrated,P0 cell means at k=1 (V1 relation) and k=4 (context tags),P0 k=1 and k=4 cells (P); registered k=1 and k=4 cells (R),yes,yes,453507.0,tau=0.020572 (rel.),
"B[eravm-29,plonk,app]",per-input increment,eravm-29,yes,no (slope),P0-calibrated,P0 cell means at k=1 (V1 relation) and k=4 (context tags),P0 k=1 and k=4 cells (P); registered k=1 and k=4 cells (R),yes,yes,2470.67,"tau=0.020572 (rel., on Y)",
"A[eravm-27,groth16,dir]",cost at k=1,eravm-27,yes,no,P0-calibrated,"A: P0 v27 k=1; B: B_v29 + per-input precompile frame swap (v27 minus v29 frames per call, measured at k=1)",A: v27 k=1 cell; B: v29 B + v27-v29 per-call frame difference at k=1,yes,yes,8679088.0,tau=0.008213 (rel.),
"B[eravm-27,groth16,dir]",per-input increment,eravm-27,yes,no (slope),P0-calibrated,"A: P0 v27 k=1; B: B_v29 + per-input precompile frame swap (v27 minus v29 frames per call, measured at k=1)",A: v27 k=1 cell; B: v29 B + v27-v29 per-call frame difference at k=1,yes,yes,306932.67,"tau=0.008213 (rel., on Y)",
"A[eravm-27,groth16,app]",cost at k=1,eravm-27,yes,no,P0-calibrated,"A: P0 v27 k=1; B: B_v29 + per-input precompile frame swap (v27 minus v29 frames per call, measured at k=1)",A: v27 k=1 cell; B: v29 B + v27-v29 per-call frame difference at k=1,yes,yes,8686101.0,tau=0.008216 (rel.),
"B[eravm-27,groth16,app]",per-input increment,eravm-27,yes,no (slope),P0-calibrated,"A: P0 v27 k=1; B: B_v29 + per-input precompile frame swap (v27 minus v29 frames per call, measured at k=1)",A: v27 k=1 cell; B: v29 B + v27-v29 per-call frame difference at k=1,yes,yes,306970.67,"tau=0.008216 (rel., on Y)",
"A[eravm-27,plonk,dir]",cost at k=1,eravm-27,yes,no,P0-calibrated,"A: P0 v27 k=1; B: B_v29 + per-input precompile frame swap (v27 minus v29 frames per call, measured at k=1)",A: v27 k=1 cell; B: v29 B + v27-v29 per-call frame difference at k=1,yes,yes,10488012.0,tau=0.005134 (rel.),
"B[eravm-27,plonk,dir]",per-input increment,eravm-27,yes,no (slope),P0-calibrated,"A: P0 v27 k=1; B: B_v29 + per-input precompile frame swap (v27 minus v29 frames per call, measured at k=1)",A: v27 k=1 cell; B: v29 B + v27-v29 per-call frame difference at k=1,yes,yes,2424.67,"tau=0.005134 (rel., on Y)",
"A[eravm-27,plonk,app]",cost at k=1,eravm-27,yes,no,P0-calibrated,"A: P0 v27 k=1; B: B_v29 + per-input precompile frame swap (v27 minus v29 frames per call, measured at k=1)",A: v27 k=1 cell; B: v29 B + v27-v29 per-call frame difference at k=1,yes,yes,10495461.0,tau=0.005130 (rel.),
"B[eravm-27,plonk,app]",per-input increment,eravm-27,yes,no (slope),P0-calibrated,"A: P0 v27 k=1; B: B_v29 + per-input precompile frame swap (v27 minus v29 frames per call, measured at k=1)",A: v27 k=1 cell; B: v29 B + v27-v29 per-call frame difference at k=1,yes,yes,2470.67,"tau=0.005130 (rel., on Y)",
base_zk,per-transaction native not visible in the opcode trace,zkos-v32,no (shared),no,smoke-calibrated (P); registered-calibrated (R),"v32.0 smoke cells k=1, proof j0, G16 and PLONK; same proofs traced in EDR (P0)","P: smoke v32c c1-equivalent k=1 G16+PLONK proof j0; R: registered c1_k01 G16+PLONK, j0..j7, npg100",yes,"yes (all held-out ZKsync OS cells, FFLONK)",1692689,"exactly identified (2 eq., 2 unknowns)",
c_zk,per precompile-call native not in the opcode table,zkos-v32,no (shared),no,smoke-calibrated (P); registered-calibrated (R),"v32.0 smoke cells k=1, proof j0, G16 and PLONK; same proofs traced in EDR (P0)",same as base_zk,yes,yes,5866.8,exactly identified,
"A[zkos-v32,groth16,native]",cost at k=1,zkos-v32,yes,no,derived (trace model),"k-model fitted on trace-model natives at k=1,4","trace-model natives at k=1,4 (P0 traces x v0.4.0 + smoke constants); P only",yes,yes,36506865.0,tau=0.000396 (rel.),
"B[zkos-v32,groth16,native]",per-input increment,zkos-v32,yes,no (slope),derived (trace model),"k-model fitted on trace-model natives at k=1,4","trace-model natives at k=1,4 (P0 traces x v0.4.0 + smoke constants); P only",yes,yes,893643.53,"tau=0.000396 (rel., on Y)",
"A[zkos-v32,plonk,native]",cost at k=1,zkos-v32,yes,no,derived (trace model),"k-model fitted on trace-model natives at k=1,4","trace-model natives at k=1,4 (P0 traces x v0.4.0 + smoke constants); P only",yes,yes,38683079.0,tau=0.008199 (rel.),
"B[zkos-v32,plonk,native]",per-input increment,zkos-v32,yes,no (slope),derived (trace model),"k-model fitted on trace-model natives at k=1,4","trace-model natives at k=1,4 (P0 traces x v0.4.0 + smoke constants); P only",yes,yes,31538.0,"tau=0.008199 (rel., on Y)",
"A[zkos-v32,fflonk,native]",cost at k=1,zkos-v32,yes,no,derived (trace model),"k-model fitted on trace-model natives at k=1,4 (FFLONK: depth-0 family traces)","trace-model natives at k=1,4 (P0 traces x v0.4.0 + smoke constants); P only",yes,yes,27983060.6,tau=0.006400 (rel.),
"B[zkos-v32,fflonk,native]",per-input increment,zkos-v32,yes,no (slope),derived (trace model),"k-model fitted on trace-model natives at k=1,4 (FFLONK: depth-0 family traces)","trace-model natives at k=1,4 (P0 traces x v0.4.0 + smoke constants); P only",yes,yes,35200.67,"tau=0.006400 (rel., on Y)",
K[eravm-29],tariff per keccak-f round,eravm-29,no,no,P0-measured (EraVM frames 119+40/round),eravm-frames.json,-,no,yes,40,exact,
K[eravm-27],tariff per keccak-f round,eravm-27,no,no,P0-measured (EraVM frames 119+40/round),eravm-frames.json,-,no,yes,40,exact,
K[zkos-v32],tariff per keccak-f round,zkos-v32,no,no,source (v0.4.0),zksync-os v0.4.0 cost_constants.rs,-,no,yes,3846 (=649*4+1250),exact,
K[evm],tariff per keccak-f round,evm,no,no,spec,EVM prices keccak per word (in B),-,no,yes,0,exact,
frame_ecAdd,EraVM per-call precompile frame cost (callTracer),eravm-29 / eravm-27,no,no,P0-measured (P); registered k=1 frames (R),"P0 eravm-frames.json, k=1",k=1 cells,no (measured),"yes (v27 transfer, decomposition)",v29 301; v27 28415,v27 ecMul scalar-dependent (see tau v27),
frame_ecMul,EraVM per-call precompile frame cost (callTracer),eravm-29 / eravm-27,no,no,P0-measured (P); registered k=1 frames (R),"P0 eravm-frames.json, k=1",k=1 cells,no (measured),"yes (v27 transfer, decomposition)",v29 5496; v27 277372,v27 ecMul scalar-dependent (see tau v27),
frame_pair,EraVM per-call precompile frame cost (callTracer),eravm-29 / eravm-27,no,no,P0-measured (P); registered k=1 frames (R),"P0 eravm-frames.json, k=1",k=1 cells,no (measured),"yes (v27 transfer, decomposition)","v29 4-pair 320954, 2-pair 160570; v27 4-pair 8244592, 2-pair 4787334",v27 ecMul scalar-dependent (see tau v27),
N_ecAdd,ZKsync OS VM v0.4.0 native price,zkos-v32,no,no,source code,zksync-os v0.4.0 @ 69bc4305 (toolchain/zksync-os-v0.4.0-*.rs),-,no,yes,58000 (=51400+1650*4),exact (published); model adequacy covered by tau_cond,
N_ecMul,ZKsync OS VM v0.4.0 native price,zkos-v32,no,no,source code,zksync-os v0.4.0 @ 69bc4305 (toolchain/zksync-os-v0.4.0-*.rs),-,no,yes,811000 (=647000+41000*4),exact (published); model adequacy covered by tau_cond,
N_pair,ZKsync OS VM v0.4.0 native price,zkos-v32,no,no,source code,zksync-os v0.4.0 @ 69bc4305 (toolchain/zksync-os-v0.4.0-*.rs),-,no,yes,6244000 + 6908000/pair (=5572000+334000*4),exact (published); model adequacy covered by tau_cond,
N_keccak,ZKsync OS VM v0.4.0 native price,zkos-v32,no,no,source code,zksync-os v0.4.0 @ 69bc4305 (toolchain/zksync-os-v0.4.0-*.rs),-,no,yes,1150 + 3846/round,exact (published); model adequacy covered by tau_cond,
N_copy,ZKsync OS VM v0.4.0 native price,zkos-v32,no,no,source code,zksync-os v0.4.0 @ 69bc4305 (toolchain/zksync-os-v0.4.0-*.rs),-,no,yes,80 + 2/byte,exact (published); model adequacy covered by tau_cond,
N_step,ZKsync OS VM v0.4.0 native price,zkos-v32,no,no,source code,zksync-os v0.4.0 @ 69bc4305 (toolchain/zksync-os-v0.4.0-*.rs),-,no,yes,20 per opcode,exact (published); model adequacy covered by tau_cond,
N_op(op),ZKsync OS VM v0.4.0 native price,zkos-v32,no,no,source code,zksync-os v0.4.0 @ 69bc4305 (toolchain/zksync-os-v0.4.0-*.rs),-,no,yes,native_resource_constants.rs table,exact (published); model adequacy covered by tau_cond,
npg,ZKsync OS fee parameter,zkos-v32,no,no,configuration,server env,-,no,yes,100 default; intervention levels in 11-zksync-os-npg-levels.csv,exact,operator config (factor)
p_native,ZKsync OS fee parameter,zkos-v32,no,no,configuration,server env,-,no,yes,0xf4240 (1e6 wei),exact,fixed override
p_pubdata,ZKsync OS fee parameter,zkos-v32,no,no,configuration,server env,-,no,yes,0,exact,fixed override
tau[evm-osaka|groth16|dir],pre-registered relative tolerance (noise + structural),evm-osaka,yes,no,P0-derived,"max P0 within-cell half-range (ctx/V1 cells, k<=32) | max |residual| at P0 k in {2,16,32}","P0 cells at k in {2,16,32} (struct) and within-cell ranges (noise); never registered data",no,criterion,0.002008,-,
tau[evm-osaka|groth16|app],pre-registered relative tolerance (noise + structural),evm-osaka,yes,no,P0-derived,"max P0 within-cell half-range (ctx/V1 cells, k<=32) | max |residual| at P0 k in {2,16,32}","P0 cells at k in {2,16,32} (struct) and within-cell ranges (noise); never registered data",no,criterion,0.0024,-,
tau[evm-osaka|plonk|dir],pre-registered relative tolerance (noise + structural),evm-osaka,yes,no,P0-derived,"max P0 within-cell half-range (ctx/V1 cells, k<=32) | max |residual| at P0 k in {2,16,32}","P0 cells at k in {2,16,32} (struct) and within-cell ranges (noise); never registered data",no,criterion,0.014963,-,
tau[evm-osaka|plonk|app],pre-registered relative tolerance (noise + structural),evm-osaka,yes,no,P0-derived,"max P0 within-cell half-range (ctx/V1 cells, k<=32) | max |residual| at P0 k in {2,16,32}","P0 cells at k in {2,16,32} (struct) and within-cell ranges (noise); never registered data",no,criterion,0.015487,-,
tau[evm-petersburg|groth16|dir],pre-registered relative tolerance (noise + structural),evm-petersburg,yes,no,P0-derived,"max P0 within-cell half-range (ctx/V1 cells, k<=32) | residual at P0 k=16","P0 cells at k in {2,16,32} (struct) and within-cell ranges (noise); never registered data",no,criterion,0.000362,-,
tau[evm-petersburg|groth16|app],pre-registered relative tolerance (noise + structural),evm-petersburg,yes,no,P0-derived,"max P0 within-cell half-range (ctx/V1 cells, k<=32) | residual at P0 k=16","P0 cells at k in {2,16,32} (struct) and within-cell ranges (noise); never registered data",no,criterion,0.00053,-,
tau[evm-petersburg|plonk|dir],pre-registered relative tolerance (noise + structural),evm-petersburg,yes,no,P0-derived,"max P0 within-cell half-range (ctx/V1 cells, k<=32) | residual at P0 k=16","P0 cells at k in {2,16,32} (struct) and within-cell ranges (noise); never registered data",no,criterion,0.001214,-,
tau[evm-petersburg|plonk|app],pre-registered relative tolerance (noise + structural),evm-petersburg,yes,no,P0-derived,"max P0 within-cell half-range (ctx/V1 cells, k<=32) | residual at P0 k=16","P0 cells at k in {2,16,32} (struct) and within-cell ranges (noise); never registered data",no,criterion,0.001359,-,
tau[eravm-29|groth16|dir],pre-registered relative tolerance (noise + structural),eravm-29,yes,no,P0-derived,"max P0 within-cell half-range (ctx/V1 cells, k<=32) | max |residual| at P0 k in {2,16,32}","P0 cells at k in {2,16,32} (struct) and within-cell ranges (noise); never registered data",no,criterion,0.000622,-,
tau[eravm-29|groth16|app],pre-registered relative tolerance (noise + structural),eravm-29,yes,no,P0-derived,"max P0 within-cell half-range (ctx/V1 cells, k<=32) | max |residual| at P0 k in {2,16,32}","P0 cells at k in {2,16,32} (struct) and within-cell ranges (noise); never registered data",no,criterion,0.000327,-,
tau[eravm-29|plonk|dir],pre-registered relative tolerance (noise + structural),eravm-29,yes,no,P0-derived,"max P0 within-cell half-range (ctx/V1 cells, k<=32) | max |residual| at P0 k in {2,16,32}","P0 cells at k in {2,16,32} (struct) and within-cell ranges (noise); never registered data",no,criterion,0.020123,-,
tau[eravm-29|plonk|app],pre-registered relative tolerance (noise + structural),eravm-29,yes,no,P0-derived,"max P0 within-cell half-range (ctx/V1 cells, k<=32) | max |residual| at P0 k in {2,16,32}","P0 cells at k in {2,16,32} (struct) and within-cell ranges (noise); never registered data",no,criterion,0.020572,-,
tau[eravm-27|groth16|dir],pre-registered relative tolerance (noise + structural),eravm-27,yes,no,P0-derived,"max P0 v27 within-cell half-range | max |residual| at P0 v27 k in {4,16}","P0 cells at k in {2,16,32} (struct) and within-cell ranges (noise); never registered data",no,criterion,0.008213,-,
tau[eravm-27|groth16|app],pre-registered relative tolerance (noise + structural),eravm-27,yes,no,P0-derived,"max P0 v27 within-cell half-range | max |residual| at P0 v27 k in {4,16}","P0 cells at k in {2,16,32} (struct) and within-cell ranges (noise); never registered data",no,criterion,0.008216,-,
tau[eravm-27|plonk|dir],pre-registered relative tolerance (noise + structural),eravm-27,yes,no,P0-derived,"max P0 v27 within-cell half-range | max |residual| at P0 v27 k in {4,16}","P0 cells at k in {2,16,32} (struct) and within-cell ranges (noise); never registered data",no,criterion,0.005134,-,
tau[eravm-27|plonk|app],pre-registered relative tolerance (noise + structural),eravm-27,yes,no,P0-derived,"max P0 v27 within-cell half-range | max |residual| at P0 v27 k in {4,16}","P0 cells at k in {2,16,32} (struct) and within-cell ranges (noise); never registered data",no,criterion,0.00513,-,
tau[zkos-v32|groth16|native],pre-registered relative tolerance (noise + structural),zkos-v32,yes,no,P0-derived,"max of v32 smoke half-range (k=1) and P0 v31 native half-ranges (ctx/V1, k<=32), transferred | k-model interpolation residual on v0.4.0 trace-model natives + transferred v31 held-out residual","P0 cells at k in {2,16,32} (struct) and within-cell ranges (noise); never registered data",no,criterion,0.000396,-,
tau_cond[zkos-v32|groth16|native],conditional-model tolerance (ZC test),zkos-v32,yes,no,P0-derived (v31 transfer),"max |held-out error| of the conditional model on P0 v31 (base, c from v31 k=1 G16+PLONK; FFLONK = depth-0 family, all k)",P0 v31 cells,no,criterion,0.000138,-,
tau[zkos-v32|plonk|native],pre-registered relative tolerance (noise + structural),zkos-v32,yes,no,P0-derived,"max of v32 smoke half-range (k=1) and P0 v31 native half-ranges (ctx/V1, k<=32), transferred | k-model interpolation residual on v0.4.0 trace-model natives + transferred v31 held-out residual","P0 cells at k in {2,16,32} (struct) and within-cell ranges (noise); never registered data",no,criterion,0.008199,-,
tau_cond[zkos-v32|plonk|native],conditional-model tolerance (ZC test),zkos-v32,yes,no,P0-derived (v31 transfer),"max |held-out error| of the conditional model on P0 v31 (base, c from v31 k=1 G16+PLONK; FFLONK = depth-0 family, all k)",P0 v31 cells,no,criterion,0.004521,-,
tau[zkos-v32|fflonk|native],pre-registered relative tolerance (noise + structural),zkos-v32,yes,no,P0-derived,"max of v32 smoke half-range (k=1) and P0 v31 native half-ranges (ctx/V1, k<=32), transferred | k-model interpolation residual on v0.4.0 trace-model natives + transferred v31 held-out residual","P0 cells at k in {2,16,32} (struct) and within-cell ranges (noise); never registered data",no,criterion,0.0064,-,
tau_cond[zkos-v32|fflonk|native],conditional-model tolerance (ZC test),zkos-v32,yes,no,P0-derived (v31 transfer),"max |held-out error| of the conditional model on P0 v31 (base, c from v31 k=1 G16+PLONK; FFLONK = depth-0 family, all k)",P0 v31 cells,no,criterion,0.00569,-,
