key,tau_noise,tau_struct,tau_total,tau_cond,basis_noise,basis_struct
evm-osaka|groth16|dir,0.000000,0.002008,0.002008,,"max P0 within-cell half-range (ctx/V1 cells, k<=32)","max |residual| at P0 k in {2,16,32}"
evm-osaka|groth16|app,0.000000,0.002400,0.002400,,"max P0 within-cell half-range (ctx/V1 cells, k<=32)","max |residual| at P0 k in {2,16,32}"
evm-osaka|plonk|dir,0.004428,0.010536,0.014963,,"max P0 within-cell half-range (ctx/V1 cells, k<=32)","max |residual| at P0 k in {2,16,32}"
evm-osaka|plonk|app,0.004299,0.011188,0.015487,,"max P0 within-cell half-range (ctx/V1 cells, k<=32)","max |residual| at P0 k in {2,16,32}"
evm-petersburg|groth16|dir,0.000000,0.000362,0.000362,,"max P0 within-cell half-range (ctx/V1 cells, k<=32)",residual at P0 k=16
evm-petersburg|groth16|app,0.000000,0.000530,0.000530,,"max P0 within-cell half-range (ctx/V1 cells, k<=32)",residual at P0 k=16
evm-petersburg|plonk|dir,0.000726,0.000488,0.001214,,"max P0 within-cell half-range (ctx/V1 cells, k<=32)",residual at P0 k=16
evm-petersburg|plonk|app,0.000724,0.000635,0.001359,,"max P0 within-cell half-range (ctx/V1 cells, k<=32)",residual at P0 k=16
eravm-29|groth16|dir,0.000000,0.000622,0.000622,,"max P0 within-cell half-range (ctx/V1 cells, k<=32)","max |residual| at P0 k in {2,16,32}"
eravm-29|groth16|app,0.000000,0.000327,0.000327,,"max P0 within-cell half-range (ctx/V1 cells, k<=32)","max |residual| at P0 k in {2,16,32}"
eravm-29|plonk|dir,0.003693,0.016431,0.020123,,"max P0 within-cell half-range (ctx/V1 cells, k<=32)","max |residual| at P0 k in {2,16,32}"
eravm-29|plonk|app,0.003632,0.016940,0.020572,,"max P0 within-cell half-range (ctx/V1 cells, k<=32)","max |residual| at P0 k in {2,16,32}"
eravm-27|groth16|dir,0.002635,0.005578,0.008213,,max P0 v27 within-cell half-range,"max |residual| at P0 v27 k in {4,16}"
eravm-27|groth16|app,0.002634,0.005583,0.008216,,max P0 v27 within-cell half-range,"max |residual| at P0 v27 k in {4,16}"
eravm-27|plonk|dir,0.002416,0.002717,0.005134,,max P0 v27 within-cell half-range,"max |residual| at P0 v27 k in {4,16}"
eravm-27|plonk|app,0.002415,0.002715,0.005130,,max P0 v27 within-cell half-range,"max |residual| at P0 v27 k in {4,16}"
zkos-v32|groth16|native,0.000000,0.000396,0.000396,0.000138,"max of v32 smoke half-range (k=1) and P0 v31 native half-ranges (ctx/V1, k<=32), transferred",k-model interpolation residual on v0.4.0 trace-model natives + transferred v31 held-out residual
zkos-v32|plonk|native,0.000977,0.007222,0.008199,0.004521,"max of v32 smoke half-range (k=1) and P0 v31 native half-ranges (ctx/V1, k<=32), transferred",k-model interpolation residual on v0.4.0 trace-model natives + transferred v31 held-out residual
zkos-v32|fflonk|native,0.000000,0.006400,0.006400,0.005690,"max of v32 smoke half-range (k=1) and P0 v31 native half-ranges (ctx/V1, k<=32), transferred",k-model interpolation residual on v0.4.0 trace-model natives + transferred v31 held-out residual
equality_band|evm-osaka,8.1e-05,0.004142,0.004224,,"max P0 raw within-cell half-range per backend (ctx/V1 cells, k<=32), summed",
equality_band|eravm-29,0.0,0.003693,0.003693,,"max P0 raw within-cell half-range per backend (ctx/V1 cells, k<=32), summed",
equality_band|eravm-27,0.002635,0.002416,0.005052,,"max P0 raw within-cell half-range per backend (ctx/V1 cells, k<=32), summed",
equality_band|evm-petersburg,0.0001,0.000645,0.000745,,"max P0 raw within-cell half-range per backend (ctx/V1 cells, k<=32), summed",
equality_band|zkos-v32,0.0,0.000977,0.000977,,"max of v32 smoke half-range (k=1) and P0 v31 native half-ranges (ctx/V1, k<=32), per backend, summed; native-bound gas inherits it; EVM-bound ZKsync OS cells use the evm-osaka band",
