pin_id	component	version_or_identity	sha256	used_for	recorded_in	upstream
circom	circom compiler	2.1.6 (circom-linux-amd64)	f3958483caaaa0cdd3912df5049e2e635eab4d09b9a66807be9633d547859f12	circuit compilation (R1CS, witness generators)	protocols/c1-preregistration/toolchain/PINS-C1.txt	https://github.com/iden3/circom/releases/tag/v2.1.6
solc	Solidity compiler (static Linux build)	0.8.20	0479d44fdf9c501c25337fdc540419f1593b884a87b47f023da4f1c700fda782	EVM verifier and manager compilation (Paris, optimizer 200)	protocols/c1-preregistration/toolchain/PINS-C1.txt	https://github.com/ethereum/solidity/releases/tag/v0.8.20
zksolc	ZKsync Solidity compiler	1.5.15	b52df6ae7e64903deb4972f8a41c9c666a7ce1dfdce38680f387df01afe51b4b	EraVM compilation (-O3, size fallback, codegen Yul)	protocols/c1-preregistration/toolchain/PINS-C1.txt	https://github.com/matter-labs/era-compiler-solidity/releases
era-solc	ZKsync fork of solc	0.8.20-1.0.2	9516f4eea50d90d83972bea5a63f3dd8ffdc50543917a56176fe8329addc8756	front end of zksolc	protocols/c1-preregistration/toolchain/PINS-C1.txt	https://github.com/matter-labs/era-solidity/releases
anvil-zksync	EraVM local node	0.6.11 (release archive sha256 127f1a75b6c4ccc5eaef00ca62753f243a76ba927cbd64a7b1bd99a5b5fb8728)	4a801b25f543099838fa88df50f0e59f5e5c93b7a22330948ca7ed029f48228b	EraVM measurements (protocol 29; historical protocol 27)	protocols/c1-preregistration/toolchain/PINS-C1.txt	https://github.com/matter-labs/anvil-zksync/releases/tag/v0.6.11
zksync-os-server	ZKsync OS node (prebuilt x86_64 release)	v0.23.0, commit 610bfa2b629410e8012e713ef9c659ae97baebd2 (release archive sha256 07bd7e50d12364040df0e3e719bf637c3551f27e594296606179ae3a4df63004)	5a319871ac220704a23828792f0d394ab690e98c5ecde3e24e195778c7eb678d	ZKsync OS v32.0 local chain measurements (configuration files hashed in the same record)	protocols/c1-preregistration/toolchain/PINS-C1.txt	https://github.com/matter-labs/zksync-os-server/releases/tag/v0.23.0
foundry-anvil	Foundry anvil (L1 for the ZKsync OS local chain)	1.5.1 (release archive sha256 73640b01bd9ed29fdb4965085099371f8cf0dbbec3e2086cf54564efc4dcfe88)	b47362d2159aa0f2f575320e5e529bb5a91093cb62dc6bd30c0022018aa9f738	L1 state for the local ZKsync OS chain	protocols/c1-preregistration/toolchain/PINS-C1.txt	https://github.com/foundry-rs/foundry/releases/tag/v1.5.1
zksync-os-v0.4.0	ZKsync OS VM source	tag v0.4.0, commit 69bc430549e88f9264066d14f2001707572c5d33		native-resource prices; three constant files are shipped as copies under protocols/c1-preregistration/toolchain/	protocols/c1-preregistration/toolchain/PINS-C1.txt; data/posthoc/native-cost-audit/SOURCE-FILES-SHA256.txt	https://github.com/matter-labs/zksync-os
zksync-os-v0.3.2	ZKsync OS VM source	tag v0.3.2-interface-v0.1.3, commit b76084f3		P0 feasibility (chain v31.0); two constant files are shipped as copies under data/p0-feasibility/toolchain/	data/p0-feasibility/toolchain/PINS.txt	https://github.com/matter-labs/zksync-os
resolc	revive compiler with solc 0.8.34	resolc 1.4.0 (sha256 of solc 0.8.34: d40adc6f9fdbb22a97d32a02fa05688bf2ee7886affc48c9851b0afd4a726b39)	74e051ce27300c77e82e323f5c47acf2c452819b6a8d0eb21bf5b9111e7a686d	P0 compile probe only (not used by any reported result)	data/p0-feasibility/toolchain/PINS.txt	https://github.com/paritytech/revive
npm-snarkjs	snarkjs	0.7.5 (cli.js ce5d4938e03a798a416d062f0b689b8d0220d36ab1feea34618211b241082a53; build/main.cjs e99bbb85ee536fd64476f87492665d1a382e930e4e412278a3fd8e2f987c283f)	5574a6c1e1c4770da0bad3bcd44cc6af8d4a84871802553acb328385294fb084	proving-system setup, proving, verifier export, key regeneration (sha256 of package.json)	protocols/c1-preregistration/toolchain/PINS-C1.txt	https://www.npmjs.com/package/snarkjs/v/0.7.5
npm-js-stack	circomlib, circomlibjs, ffjavascript, ethers, hardhat, EDR, hardhat-ethers	circomlib 2.0.5; circomlibjs 0.1.7; ffjavascript 0.3.1; ethers 6.13.5; hardhat 2.29.1; @nomicfoundation/edr 0.12.0-next.23; @nomicfoundation/hardhat-ethers 3.0.8		circuit templates, EVM execution and tracing, transaction harness (exact versions fixed by the package-lock.json files of each harness and kit)	protocols/c1-preregistration/toolchain/PINS-C1.txt	https://www.npmjs.com/
node	Node.js	22.22.0 (measurement harnesses); 18.20.8 inside the prover images		harnesses and prover kits	protocols/c1-preregistration/toolchain/PINS-C1.txt; protocols/prover-d1/kit/Dockerfile	https://nodejs.org/
prover-base-image	Docker base image of the prover kits	node:18.20.8-bookworm-slim@sha256:f9ab18e354e6855ae56ef2b290dd225c1e51a564f87584b9bd21dd651838830e		D1 (Host A) and D2 (Host B) prover images; built image identities are recorded in the frozen prover records	protocols/prover-d1/kit/Dockerfile; protocols/prover-d2/final/IMAGE-r5.json	https://hub.docker.com/_/node
python-level2	Python and plotting stack for Level 2	Python 3.10.12; matplotlib 3.10.9; numpy 2.2.6		values, tables and figures regeneration (any Python 3.10+ standard library suffices for values and tables)	environment/README.md	https://www.python.org/; https://pypi.org/project/matplotlib/3.10.9/
fonts-liberation	Liberation Sans 2.x (TrueType)	LiberationSans-{Regular,Bold,Italic,BoldItalic}.ttf in /usr/share/fonts/truetype/liberation2		Figs. 2-5 (sha256 of each font file recorded per build)	figures/FIGURES-MANIFEST.json	https://github.com/liberationfonts/liberation-fonts
poppler-utils	pdffonts, pdfimages	any recent version		vector-figure gates (embedded fonts, no Type 3, no raster images)	analysis/figures/src/build_figures.py	https://poppler.freedesktop.org/
drawio	draw.io Desktop	31.7.0		export of Fig. 1 (conceptual diagram) to PDF and SVG	figures/FIG1-EXPORT.json	https://github.com/jgraph/drawio-desktop/releases/tag/v31.7.0
