# allocations on one host each (Host A: Apple M5, Docker Desktop VM, arm64; Host B: 2x Xeon 8173M, native Docker, amd64; cpusets 1-2/1-4/1-8); side by side, never pooled; values copied from the frozen D3 / D2 outputs; PLONK n = 5 coarse
allocation_profile,backend,depth,quantity,hostA_n,hostB_n,hostA_median,hostB_median,hostA_iqr,hostB_iqr,hostA_cv,hostB_cv,hostA_boot_median_lo95,hostB_boot_median_lo95,hostA_boot_median_hi95,hostB_boot_median_hi95
cpu2,groth16,5,path_minus_mem_ms,5,5,-5.637999999999977,39.66799999999995,20.64300000000003,74.89699999999999,-2.858569461786202,2.8062463293223194,-18.614000000000004,-32.462999999999965,9.18300000000005,49.19599999999997
cpu2,groth16,5,prove_ms_mem,5,5,258.299,386.736,7.569000000000017,27.825999999999965,0.043546457867688515,0.05395518912194494,238.242,360.305,266.968,411.512
cpu2,groth16,5,prove_ms_path,5,5,250.639,409.501,8.082999999999998,36.37399999999997,0.03612868389921,0.060563684776943225,245.232,374.963,267.482,433.015
cpu2,groth16,7,path_minus_mem_ms,5,5,6.538000000000011,-1.5290000000000532,17.67999999999995,5.581000000000074,4.05386406508972,-4.28203492148049,-34.94,-19.309000000000026,43.21800000000002,11.334000000000003
cpu2,groth16,7,prove_ms_mem,5,5,311.246,451.848,18.003999999999962,7.356000000000051,0.05956885085191951,0.020155487881131605,275.849,443.238,321.061,467.16
cpu2,groth16,7,prove_ms_path,5,5,317.038,453.006,6.4979999999999905,6.322999999999979,0.046962316953469356,0.02477638713298342,286.121,432.539,322.577,462.649
cpu2,groth16,8,path_minus_mem_ms,5,5,16.798000000000002,7.114999999999952,10.69300000000004,4.7579999999999245,2.0415103347085743,0.46299981079474134,-21.932999999999993,2.8179999999999836,26.376000000000033,11.246000000000038
cpu2,groth16,8,prove_ms_mem,5,5,338.96,504.383,6.829999999999984,6.369000000000028,0.015267990487620122,0.014865349163510967,331.833,495.113,344.618,515.176
cpu2,groth16,8,prove_ms_path,5,5,353.87,511.413,16.99799999999999,3.4619999999999322,0.05431155675717549,0.01936386622019661,321.147,497.931,370.994,525.74
cpu2,groth16,15,path_minus_mem_ms,5,5,8.032999999999959,-14.394999999999982,10.456999999999994,28.76400000000001,1.090791819279183,-2.4588705260486257,-2.880999999999972,-54.18299999999999,19.08299999999997,27.65700000000004
cpu2,groth16,15,prove_ms_mem,5,5,450.48,701.018,12.888999999999953,29.78200000000004,0.028292170401564145,0.03766635120541065,446.621,674.492,477.83,739.818
cpu2,groth16,15,prove_ms_path,5,5,459.453,685.635,9.074999999999989,26.279999999999973,0.02003428663826027,0.02811268440043883,458.513,663.573,480.205,711.365
cpu2,plonk,5,path_minus_mem_ms,5,5,90.78700000000026,104.3189999999995,33.81999999999971,47.07199999999648,0.35609695832911725,1.5536126577713658,67.9419999999991,-110.89199999999983,151.67300000000068,182.60999999999694
cpu2,plonk,5,prove_ms_mem,5,5,11941.774,25059.827,71.21999999999935,141.0490000000027,0.005462167726301985,0.006192273787599289,11861.447,24860.919,12022.521,25276.307
cpu2,plonk,5,prove_ms_path,5,5,12033.303,25164.146,153.51200000000063,112.38300000000163,0.007336069991212025,0.005096572197715988,11929.389,24973.457,12124.98,25311.225
cpu2,plonk,10,path_minus_mem_ms,5,5,111.8159999999989,128.78000000000247,56.63500000000022,251.12900000000445,0.37363331586895715,2.379058386914659,57.891999999999825,-103.00300000000061,139.84799999999996,283.4880000000012
cpu2,plonk,10,prove_ms_mem,5,5,11942.917,25184.21,57.62700000000041,85.86599999999817,0.0085660269229662,0.0032899898041465936,11844.376,25012.82,12123.755,25211.532
cpu2,plonk,10,prove_ms_path,5,5,12000.809,25296.308,114.26200000000063,204.46100000000297,0.010370599596690566,0.005842861352892113,11956.192,25011.19,12263.603,25348.185
cpu2,plonk,11,path_minus_mem_ms,5,5,-84.40500000000247,307.5880000000034,257.80999999999403,119.20100000000093,-32.9429921464194,0.6568326422848668,-316.0679999999993,-12.010999999998603,350.5119999999988,392.47899999999936
cpu2,plonk,11,prove_ms_mem,5,5,23140.916,49186.635,151.44300000000294,211.5,0.009458964241884228,0.003072733803519367,23005.734,48971.726,23556.842,49333.625
cpu2,plonk,11,prove_ms_path,5,5,23240.774,49364.205,272.76800000000003,92.29899999999907,0.008067066145058649,0.003432611961832126,22920.026,49174.624,23356.246,49641.213
cpu2,plonk,15,path_minus_mem_ms,5,5,-45.358000000000175,6.418000000005122,95.25400000000081,157.05299999999988,5.8935045274897595,5.04796976560181,-128.97599999999875,-126.48599999999715,403.9439999999995,188.6180000000022
cpu2,plonk,15,prove_ms_mem,5,5,23455.985,49508.574,394.6800000000003,431.4689999999973,0.013595245590323681,0.0065587835840360134,22799.159,49088.374,23520.191,49870.229
cpu2,plonk,15,prove_ms_path,5,5,23387.447,49600.603,207.52400000000125,286.109000000004,0.008287880679701815,0.005173750858757034,23049.568,49194.487,23543.27,49849.872
cpu4,groth16,5,path_minus_mem_ms,5,5,3.9279999999999973,5.1370000000000005,5.238999999999976,2.6210000000000093,0.9030063564375842,2.140616873380841,0.14300000000000068,-10.129999999999995,8.179000000000002,16.113
cpu4,groth16,5,prove_ms_mem,5,5,143.305,221.906,2.3360000000000127,9.013000000000005,0.018455583398736795,0.02640619825592551,139.297,217.644,146.349,231.38
cpu4,groth16,5,prove_ms_path,5,5,147.066,228.65,6.914999999999992,10.027000000000015,0.024119973169443476,0.02499931211947753,143.225,221.25,150.476,233.757
cpu4,groth16,7,path_minus_mem_ms,5,5,-2.1210000000000093,-0.25,11.912999999999982,12.370000000000005,-2.5635916036545763,2.9573856983759224,-73.411,-7.604000000000042,10.515999999999991,19.347999999999956
cpu4,groth16,7,prove_ms_mem,5,5,173.795,257.824,11.969999999999999,1.9750000000000227,0.42357058754598453,0.01460730885380231,162.306,256.732,364.454,266.064
cpu4,groth16,7,prove_ms_path,5,5,172.452,258.46,5.131,10.10899999999998,0.2791261783872258,0.03827925753748233,166.97,253.914,291.043,278.84
cpu4,groth16,8,path_minus_mem_ms,5,5,7.278999999999996,4.877999999999986,5.342000000000013,9.557000000000016,1.8682446226658127,0.6692679616010553,-4.343999999999994,3.9220000000000255,100.398,15.185000000000002
cpu4,groth16,8,prove_ms_mem,5,5,189.669,295.054,4.562000000000012,1.761000000000024,0.13919458364601162,0.004921184023684466,186.544,293.259,250.987,296.961
cpu4,groth16,8,prove_ms_path,5,5,193.823,301.034,2.4269999999999925,6.9909999999999854,0.3170674318204776,0.01450202185601318,186.972,298.976,351.385,308.444
cpu4,groth16,15,path_minus_mem_ms,5,5,3.223000000000013,-2.57000000000005,3.611000000000047,1.1760000000000446,-2.455441504371752,4.518104097690469,-178.339,-4.201999999999998,6.024000000000001,25.413999999999987
cpu4,groth16,15,prove_ms_mem,5,5,261.792,403.857,3.9879999999999995,6.19399999999996,0.304822697339422,0.027069650648016686,250.868,383.706,462.324,410.929
cpu4,groth16,15,prove_ms_path,5,5,264.846,405.222,2.5930000000000177,7.833000000000027,0.040997857958242456,0.010349907732101529,254.091,400.332,283.985,409.207
cpu4,plonk,5,path_minus_mem_ms,5,5,155.78499999999985,161.13100000000122,60.95299999999952,100.04100000000108,0.6505251084643764,2.0639471751298055,0.7630000000008295,-224.8650000000016,232.60800000000017,220.42799999999988
cpu4,plonk,5,prove_ms_mem,5,5,10079.752,22559.729,227.66799999999967,222.50700000000143,0.012351535633633736,0.006526305378238216,10029.936,22326.493,10281.888,22669.614
cpu4,plonk,5,prove_ms_path,5,5,10312.36,22513.931,166.71500000000015,263.349000000002,0.015593029872909765,0.008801077274100878,10030.699,22420.37,10437.673,22890.042
cpu4,plonk,10,path_minus_mem_ms,5,5,12.755999999999403,320.47999999999956,65.40999999999985,543.0819999999985,1.704974558788301,2.4389630527745636,-30.4320000000007,-220.1889999999985,216.87099999999919,442.6369999999988
cpu4,plonk,10,prove_ms_mem,5,5,10195.12,22533.25,223.67399999999907,209.77799999999843,0.05075441339390999,0.006365638014823459,10140.682,22379.226,11397.812,22719.999
cpu4,plonk,10,prove_ms_path,5,5,10262.009,22709.207,419.2089999999989,353.91999999999825,0.05054503787725486,0.008896218414018792,10110.25,22479.344,11407.871,22925.304
cpu4,plonk,11,path_minus_mem_ms,5,5,94.74500000000262,83.98500000000058,377.994999999999,199.55799999999726,1.5976272280283803,1.3186275802539213,-21.558000000000902,-42.56900000000314,1567.2069999999985,412.11099999999715
cpu4,plonk,11,prove_ms_mem,5,5,19789.901,44059.119,418.1810000000005,95.41700000000128,0.024646888269065033,0.0031225835294716106,19278.297,43977.556,20588.536,44334.487
cpu4,plonk,11,prove_ms_path,5,5,19768.343,44194.272,481.08200000000215,165.76599999999598,0.05223573550973445,0.004230658848776649,19686.788,44076.277,22155.743,44549.695
cpu4,plonk,15,path_minus_mem_ms,5,5,-31.33599999999933,87.70700000000215,234.612000000001,326.9279999999999,2.912493491834145,-22.427298855902833,-129.757999999998,-280.1510000000053,431.6769999999997,249.6949999999997
cpu4,plonk,15,prove_ms_mem,5,5,19736.09,44352.975,376.6219999999994,58.93999999999505,0.05631563681714943,0.0028541620202540826,19539.893,44084.447,22248.395,44402.763
cpu4,plonk,15,prove_ms_path,5,5,19882.882,44334.142,353.84000000000015,338.09799999999814,0.05297496181820632,0.004653070452281003,19508.557,44025.054,22191.692,44490.47
cpu8,groth16,5,path_minus_mem_ms,5,5,1.3579999999999899,1.5209999999999866,0.7690000000000055,6.846000000000004,3.8893389515598042,19.05711613079472,-3.426000000000002,-6.050000000000011,2.4620000000000033,4.712999999999994
cpu8,groth16,5,prove_ms_mem,5,5,102.163,148.042,2.472999999999999,6.826999999999998,0.016817304405729656,0.033788007045202885,100.489,140.366,104.655,152.108
cpu8,groth16,5,prove_ms_path,5,5,103.061,146.058,1.2250000000000085,1.3799999999999955,0.019047943653377947,0.026460090915106666,101.229,141.887,106.318,152.56
cpu8,groth16,7,path_minus_mem_ms,5,5,-1.3780000000000001,-3.1189999999999998,1.6470000000000056,2.4259999999999877,-1.6904815511222888,-0.6549623502405864,-4.128,-4.586999999999989,1.9780000000000086,-0.3210000000000264
cpu8,groth16,7,prove_ms_mem,5,5,121.863,168.586,3.9150000000000063,3.9240000000000066,0.02123244704904078,0.026391144916493237,118.195,164.962,124.249,176.398
cpu8,groth16,7,prove_ms_path,5,5,120.173,167.043,0.3640000000000043,5.929999999999978,0.006833264376582439,0.034109080847591934,119.341,160.375,121.609,174.921
cpu8,groth16,8,path_minus_mem_ms,5,5,1.046999999999997,1.3240000000000123,0.9959999999999809,8.90100000000001,2.1824886236321355,1.543258278137522,-2.2560000000000002,-2.8429999999999893,6.837999999999994,9.59099999999998
cpu8,groth16,8,prove_ms_mem,5,5,139.82,188.659,0.9370000000000118,6.376000000000005,0.018519119666184834,0.025638888994899044,137.943,184.455,144.696,196.232
cpu8,groth16,8,prove_ms_path,5,5,141.394,194.046,1.5730000000000075,2.6970000000000027,0.01401776044100936,0.01672403288909949,139.461,189.284,144.781,197.912
cpu8,groth16,15,path_minus_mem_ms,5,5,2.695999999999998,3.9329999999999927,3.497000000000014,8.567000000000007,3.3695295895550568,2.7641942603771263,-4.572999999999979,-8.822000000000003,4.813000000000017,21.950999999999993
cpu8,groth16,15,prove_ms_mem,5,5,189.626,248.021,2.1880000000000166,7.659999999999997,0.018790238246077173,0.025139690274185923,189.08,246.391,197.558,260.949
cpu8,groth16,15,prove_ms_path,5,5,192.322,254.204,0.8810000000000002,5.868999999999971,0.005943322034644575,0.03483541559911458,190.821,244.007,193.919,268.354
cpu8,plonk,5,path_minus_mem_ms,5,5,237.85000000000036,-89.35699999999997,560.8909999999978,341.10299999999916,1.033796338310083,16.194826318976617,41.25699999999961,-256.40200000000186,980.762999999999,311.8080000000009
cpu8,plonk,5,prove_ms_mem,5,5,9383.722,21231.468,23.970000000001164,277.0849999999991,0.0023897301625404295,0.008205795711858066,9344.954,20967.25,9399.888,21360.462
cpu8,plonk,5,prove_ms_path,5,5,9582.804,21232.204,586.2199999999993,49.14099999999962,0.04279569089434161,0.005720879389875775,9424.979,20975.066,10379.292,21279.058
cpu8,plonk,10,path_minus_mem_ms,5,5,50.17100000000028,255.0540000000001,20.05999999999767,182.47499999999854,1.28806509568947,1.5842245479479333,-13.858000000000175,-233.69900000000052,238.54600000000028,303.5839999999989
cpu8,plonk,10,prove_ms_mem,5,5,9447.39,21289.049,85.98099999999977,140.0809999999983,0.00901386199065645,0.0075340576778806815,9321.132,21081.113,9542.905,21511.99
cpu8,plonk,10,prove_ms_path,5,5,9519.585,21481.561,42.873999999999796,139.25800000000163,0.005401127286690444,0.005150601002409038,9424.932,21278.291,9559.678,21544.103
cpu8,plonk,11,path_minus_mem_ms,5,5,102.53700000000026,-148.8159999999989,191.66600000000108,207.06099999999424,34.87507800734903,-6.41798230158895,-311.3889999999992,-274.0789999999979,185.10199999999895,497.2610000000059
cpu8,plonk,11,prove_ms_mem,5,5,18515.791,41875.569,296.22499999999854,552.3470000000016,0.0587479698593813,0.008958542466517994,18467.329,41782.179,21061.015,42614.303
cpu8,plonk,11,prove_ms_path,5,5,18589.433,42119.358,125.59800000000178,520.4820000000036,0.06367602272735079,0.007568129054732604,18438.332,41633.363,21246.117,42349.542
cpu8,plonk,15,path_minus_mem_ms,5,5,103.77299999999741,98.84599999999773,30.693999999999505,102.01499999999942,1.6434933260020081,2.5740355906854453,-142.4559999999983,-259.20900000000256,284.3640000000014,652.1030000000028
cpu8,plonk,15,prove_ms_mem,5,5,18566.924,42049.381,154.03199999999924,295.90499999999884,0.004501844498259837,0.004730218705499251,18431.228,41918.498,18596.059,42378.078
cpu8,plonk,15,prove_ms_path,5,5,18690.04,42073.272,174.9340000000011,431.03800000000047,0.006981816418539318,0.0065930885335127275,18424.468,41956.676,18715.592,42570.601
