k,npg,ratio,measured_class,predicted_class,ratio_in_interval,verdict
1,100,1.05917,PLONK_COSTLIER,PLONK_COSTLIER,True,MATCH
1,126,1.059167,PLONK_COSTLIER,PLONK_COSTLIER,True,MATCH
1,139,1.109707,PLONK_COSTLIER,PLONK_COSTLIER,True,MATCH
1,151,1.205509,PLONK_COSTLIER,PLONK_COSTLIER,True,MATCH
1,169,1.349216,PLONK_COSTLIER,PLONK_COSTLIER,True,MATCH
1,171,1.358185,PLONK_COSTLIER,PLONK_COSTLIER,True,MATCH
1,300,1.358185,PLONK_COSTLIER,PLONK_COSTLIER,True,MATCH
4,100,0.989646,PLONK_CHEAPER,PLONK_CHEAPER,True,MATCH
4,125,0.989647,PLONK_CHEAPER,PLONK_CHEAPER,True,MATCH
4,138,1.039636,PLONK_COSTLIER,PLONK_COSTLIER,True,MATCH
4,149,1.122507,PLONK_COSTLIER,PLONK_COSTLIER,True,MATCH
4,165,1.243045,PLONK_COSTLIER,PLONK_COSTLIER,True,MATCH
4,167,1.250321,PLONK_COSTLIER,PLONK_COSTLIER,True,MATCH
4,300,1.250321,PLONK_COSTLIER,PLONK_COSTLIER,True,MATCH
16,100,0.786935,PLONK_CHEAPER,PLONK_CHEAPER,True,MATCH
16,120,0.786935,PLONK_CHEAPER,PLONK_CHEAPER,True,MATCH
16,132,0.824939,PLONK_CHEAPER,PLONK_CHEAPER,True,MATCH
16,141,0.881184,PLONK_CHEAPER,PLONK_CHEAPER,True,MATCH
16,154,0.962428,PLONK_CHEAPER,PLONK_CHEAPER,True,MATCH
16,156,0.968939,PLONK_CHEAPER,PLONK_CHEAPER,True,MATCH
16,300,0.968939,PLONK_CHEAPER,PLONK_CHEAPER,True,MATCH
